stari_url;novi_url;razlog;gsc_klikovi;status
https://www.antasline.com/na-kojoj-podlozi-se-igraju-turniri-u-3x3/;/bergo-ultimate-i-ultimate-plus-nova-generacija-sportskih-podova/;F3: zastareo live slug, stvarni sadrzaj = isti clanak kao lokalni LOKAL-NOVO post (identican naslov);34;VERIFIKOVANO 200
https://www.antasline.com/proizvod/lite-shot-795-profesionalna-pokretna-kosarkaska-konstrukcija/;/proizvod/lite-shot-325-profesionalna-pokretna-kosarkaska-konstrukcija/;F2: isti proizvod, "795" je stari nepovezan interni kod, "325" = stvarni domet ruke (naslov na live strani je takodje "Lite Shot 325");3;VERIFIKOVANO 200
https://www.antasline.com/kategorija-proizvoda/sigurnosni-senzori-signalni-sistemi/;/kategorija-proizvoda/sigurnosni-senzori-i-signalni-sistemi/;F4: nizak saobracaj, lokalna varijanta sa "i" gramaticki ispravnija - Miroslav potvrdio da ostaje;0;VERIFIKOVANO 200
https://www.antasline.com/sportske-podloge/kosarkaske-konstrukcije/;/sportske-podloge/kosarkaske-konstrukcije/ (identican URL);F6/F5: stranica izgradjena 2026-07-07 (ID 16657) na IDENTICNOM slugu kao live - redirect NIJE potreban, URL se poklapa 1:1;923;✅ RESENO - stranica zivi na istom URL-u, 200 verifikovano, red se ne dodaje u .htaccess
https://www.antasline.com/sportske-podloge/padel-tereni/;/sportske-podloge/padel-tereni/ (identican URL);F5: stranica izgradjena 2026-07-08 (ID 16670, W1 #14) na IDENTICNOM slugu kao live - redirect NIJE potreban, URL se poklapa 1:1;119;✅ RESENO - stranica zivi na istom URL-u, 200 verifikovano, red se ne dodaje u .htaccess
https://www.antasline.com/sportski-podovi-za-sale-i-balone/;/sportski-podovi-za-sale-i-balone/ (identican URL);F5: stranica izgradjena 2026-07-08 (ID 16661, Naxos Evolution) na IDENTICNOM slugu kao live - redirect NIJE potreban, URL se poklapa 1:1;378;✅ RESENO - stranica zivi na istom URL-u, 200 verifikovano, red se ne dodaje u .htaccess
https://www.antasline.com/industrijski-podovi/elektroprovodni-podovi/;/antistatik-i-elektroprovodljivi-podovi/;Kategorija E: elektroprovodni = antistatik/ESD, isto znacenje - #1 antistatik stranica gotova 2026-07-07 (ID 16658), stari live URL nema lokalni parnjak, pravi redirect (ne identican URL);0;VERIFIKOVANO 200 (cilj)
https://www.antasline.com/%D0%B1%D1%80%D0%B5%D0%BD%D0%B4/ecotile/;/brend/ecotile/;2026-07-09 parity provera: live brand baza je cirilicna (бренд), lokalna Woo product_brand baza je latinicna (brend) - termini postoje lokalno (arhiva 200), samo baza razlicita;0;VERIFIKOVANO 200 (cilj)
https://www.antasline.com/%D0%B1%D1%80%D0%B5%D0%BD%D0%B4/ergomat/;/brend/ergomat/;2026-07-09 parity provera: isto kao ecotile brand red - cirilicna vs latinicna baza, lokalna arhiva radi;0;VERIFIKOVANO 200 (cilj)
https://www.antasline.com/moj-nalog/;/kontakt/;2026-07-09 parity provera: Woo sistemska stranica naloga - novi sajt je katalog rezim (B2B, bez naloga/korpe), upiti idu preko kontakta;0;VERIFIKOVANO 200 (cilj)
(lokalni URL, nema live parnjaka) /podloge-za-parking/;/podloge-za-parkiraliste-i-staze/;W7 F3.5 (odluka M 2026-07-28): 15580 je stariji lokalni duplikat 16589 - obe pokrivaju Geoplast resetke (RUNFLOOR/GEOCROSS/GEOGRAVEL). 15580 postavljen na noindex 2026-07-29, dolazni linkovi sa 16550 i 16876 prevezani na 16589. NAPOMENA: Yoast NIJE prenet - 16589 ima merljivo bolji (cena 2.800 din/m2 + imena modela), plan je tvrdio suprotno. 15580 ima 2182 reci vs 751 - visak sadrzaja neiskoriscen, v. DNEVNIK;0;LOKAL - aktivira se na dan migracije
(lokalni URL, nema live parnjaka) /izgradnja-terena-za-tenis/;/sportske-podloge/sportski-podovi-za-teniske-terene/;W7 F3 4-duplikata (2026-07-29, M odluka): 5754 duplikat 17028 (isti H1 "Izrada teniskih terena", iste 3 H2 sekcije, ali manje reci i bez Yoast-a). 5754 postavljen na noindex, LOKAL-NOVO (0 GSC klikova), bez dolaznih linkova sa drugih stranica;0;LOKAL - aktivira se na dan migracije
(lokalni URL, nema live parnjaka) /podne-obloge-za-promocije-i-sajmove/;/spoljnje-podne-obloge/bergo-easy/;W7 F3 4-duplikata (2026-07-29, M odluka): 5769 duplikat 16665 (ista namena - Bergo Easy za sajmove/promocije). ISPRAVKA 2026-08-11 (3.9 reverifikacija): cilj je bio zapisan bez "j" (/spoljne-podne-obloge/...) sto na lokalu daje 301, vracen na /spoljnje-/ po M odluci 2026-07-30. 5769 postavljen na noindex, LOKAL-NOVO (0 GSC klikova), bez dolaznih linkova sa drugih stranica;0;LOKAL - aktivira se na dan migracije
(lokalni URL, nema live parnjaka) /podovi-za-poslovni-prostor/;/lvt-podovi-za-komercijalne-i-javne-prostore/;W7 F3 4-duplikata (2026-07-29, M odluka): 5512 duplikat 16667 (isti LVT hub ugao). 5512 postavljen na noindex, LOKAL-NOVO (0 GSC klikova); dolazni linkovi sa futer (5751, 15371) i Pocetna (16550) prevezani na 16667;0;LOKAL - aktivira se na dan migracije
(lokalni URL, nema live parnjaka) /galerija-sportskih-terena/;/galerija/;W7 F3 4-duplikata (2026-07-29, M odluka): 16171 duplikat 16674 (72 reci bez H1 vs 195 sa Yoast-om). 16171 postavljen na noindex, LOKAL-NOVO (0 GSC klikova), bez dolaznih linkova sa drugih stranica;0;LOKAL - aktivira se na dan migracije
https://www.antasline.com/izbor-industrijskog-poda-tri-najcesca-pitanja-2/;/izbor-industrijskog-poda-tri-najcesca-pitanja/;Kategorija E (W2 2026-07-27): FAQ trostruki duplikat konsolidovan - 3274 (pos 26.1/CTR 0.64%) draftovan lokalno, sadrzaj skoro identican 2622 (pos 16.5/CTR 3.96%, ostaje kanonski za "3 pitanja" ugao). Treca varijanta /industrijski-podovi-najcesca-pitanja/ (najbolji ucinak, pos 6.9/CTR 4.92%) rekreirana lokalno na IDENTICNOM slugu (ID 17025) - redirect NIJE potreban za nju;311;VERIFIKOVANO 200 (lokal), draft aktivan na produkciji tek na dan migracije
https://www.antasline.com/sta-postaviti-preko-starog-parketa-ili-plocica/;/sta-postaviti-preko-starog-parketa-ili-plocica-2/;W7 F2 duplikat, GSC-presek doneo odluku (M 2026-07-30): obe verzije zive na produkciji i dele isti klaster, "-2" slug (lokalni 6588, bogatiji sadrzaj/ispravan Yoast) dominira sa 3.353 impr/258 klikova/poz 5.5 nasuprot 1.667 impr/84 klikova/poz 7.6 (period 2026-01-01 do 07-27). Lokalno 16613 postavljen na noindex 2026-07-30, nema dolaznih internih linkova za prevezivanje;84;LOKAL noindex izvrsen, 301 na produkciji aktivira se na dan migracije
