url;sitemap;code;redir;h1;h1_texts;jsonld;jsonld_bad;jsonld_types;imgs;imgs_noalt;links_int;title;metadesc;bytes;time;notes
http://localhost/antasline/aktuelnosti/;post-sitemap.xml;200;;1;Aktuelnosti;2;0;Place,PostalAddress,LocalBusiness,ImageObject,WebSite,BreadcrumbList,ListItem,CollectionPage;133;118;183;"Aktuelnosti | Antas Line";;201092;3.17;
http://localhost/antasline/montaza-antistatik-poda-htec-nis/;post-sitemap.xml;200;;1;"Montaža antistatik poda — HTEC, Niš";2;0;Place,PostalAddress,ImageObject,WebSite,BreadcrumbList,ListItem,WebPage,Person,BlogPosting;125;118;165;"Montaža antistatik poda — HTEC, Niš | Antas Line";"Montaža Ecotile ESD antistatik poda kod HTEC-a u Nišu — zaštita elektronske opreme od elektrostatičkog pražnjenja, brza montaža bez lepka.";195003;0.99;
http://localhost/antasline/sportska-igralista/;post-sitemap.xml;200;;1;"Sportska igralista";2;0;Place,PostalAddress,ImageObject,WebSite,BreadcrumbList,ListItem,WebPage,Person,BlogPosting;128;118;167;"Sportska igrališta | Antas Line";"WISH je kampanja koju je pokrenuo Bergo sa ciljem da omogući atraktivna sportska igralista koji će privući mlade da se više bave sportom";198097;1.02;
http://localhost/antasline/podovi-za-detailing-radionice-i-servise/;post-sitemap.xml;200;;1;"Podovi za detailing radionice i servise";2;0;Place,PostalAddress,ImageObject,WebSite,BreadcrumbList,ListItem,WebPage,Person,BlogPosting;128;118;168;"Podovi za detailing radionice i servise | AntasLine";"Veliki izbor podnih ploča za detailing radionice i auto servise. Podovi za detailing radionice i servise od vinila i PVC.";198790;1.14;
http://localhost/antasline/zamena-parketa-u-sportskim-salama/;post-sitemap.xml;200;;1;"zamena parketa u sportskim salama";2;0;Place,PostalAddress,ImageObject,WebSite,BreadcrumbList,ListItem,WebPage,Person,BlogPosting;126;118;166;"Zamena parketa u sportskim salama | Antas Line";"Zamena parketa u sportskim salama ili postavljanje podloge od polipropilena u plocama preko parketa ili betona";198184;0.98;
http://localhost/antasline/ftalati-stetnost-i-uticaj-na-ljudsko-zdravlje/;post-sitemap.xml;200;;1;"Ftalati – štetnost i uticaj na ljudsko zdravlje";2;0;Place,PostalAddress,ImageObject,WebSite,BreadcrumbList,ListItem,WebPage,Person,BlogPosting;127;118;166;"Ftalati – štetnost i uticaj na ljudsko zdravlje | Antas Line";;202667;1.02;
http://localhost/antasline/koji-pod-postaviti-u-garazu/;post-sitemap.xml;200;;1;"Koji pod postaviti u garažu?";2;0;Place,PostalAddress,ImageObject,WebSite,BreadcrumbList,ListItem,WebPage,Person,BlogPosting;128;118;169;"Koji pod postaviti u garažu? Ecotile PVC ploče | AntasLine";"Podovi za garaze i servise se lako postavljaju preko betona, asfalta i plocica, imaju dug vek trajanja i trpe udarce i hemikalije.";215751;1.29;
http://localhost/antasline/osteceni-industrijski-pod/;post-sitemap.xml;200;;1;"Oštećeni industrijski pod u magacinima i halama";2;0;Place,PostalAddress,ImageObject,WebSite,BreadcrumbList,ListItem,WebPage,Person,BlogPosting;128;118;169;"Oštećeni industrijski pod u magacinima i halama | Antas Line";"Oštećeni indsutrijski pod u magacinima i halama može uticati na bezbednost i efikasnost u radu. Ecotile nudi jednostavno i dugotrajno rešenje.";218946;1.45;
http://localhost/antasline/prednosti-r-tile-design-podova-u-supermarketima-u-odnosu-na-klasicne-plocice/;post-sitemap.xml;200;;1;"Prednosti R-Tile Design podova u supermarketima u odnosu na klasične pločice";2;0;Place,PostalAddress,ImageObject,WebSite,BreadcrumbList,ListItem,WebPage,Person,BlogPosting;128;118;168;"Prednosti R-Tile Design podova u supermarketima | Antas Line";"Rtile design podloge su namenjene za prodavnice, supermarkete i javne objekte. Ploče se jednostvano montiraju preko postojećih površina.";200669;1.59;
http://localhost/antasline/esd-podovi-prica-kupca/;post-sitemap.xml;200;;1;"ESD podovi &#8211; prica kupca";2;0;Place,PostalAddress,ImageObject,WebSite,BreadcrumbList,ListItem,WebPage,Person,BlogPosting;127;118;169;"ESD podovi – priča kupca | Antas Line";"Iskustvo korisnika u koriscenju Ecotile elektroprovodljivih podova. Ecotile ESD podovi u plocama. Antistatik podovi iskustvo korisnika.";199549;1.38;
http://localhost/antasline/podloge-za-krovove-i-terase/;post-sitemap.xml;200;;1;"Podloge za krovove";2;0;Place,PostalAddress,ImageObject,WebSite,BreadcrumbList,ListItem,WebPage,Person,BlogPosting;130;118;173;"Podloge za krovove i terase — Bergo PVC | AntasLine";"Podloge za krovove Bergo imaju jednostavan sistem montaze, veliki izbor boja i dug vek trajanja. Ploce su lagane i montiraju se bez lepljenja.";201295;1.8;
http://localhost/antasline/modularni-industrijski-podovi/;post-sitemap.xml;200;;1;"Modularni podovi";2;0;Place,PostalAddress,ImageObject,WebSite,BreadcrumbList,ListItem,WebPage,Person,BlogPosting;129;118;170;"Modularni pod | Antas Line";"Modularni pod u pločama  - brzo rešenje za oštećeni beton i velika opterećenja. Ploče lako montiraju, trpe kretanje viljuškara i paletara.";201574;2.35;
http://localhost/antasline/podne-ploce-podovi-za-kontejnere-i-montazne-objekte/;post-sitemap.xml;200;;1;"Podne obloge (podovi) za kontejnere i montažne objekte";2;0;Place,PostalAddress,ImageObject,WebSite,BreadcrumbList,ListItem,WebPage,Person,BlogPosting;127;118;169;"Podne obloge (podovi) za kontejnere i montažne objekte | Antas Line";"Podovi i podne ploce za kontejnere i montazne objekte. Jednostavna montaza i demontaza, veliki izbor boja i modela, dug vek trajanja";198349;1.16;
http://localhost/antasline/bergo-ultimate-i-ultimate-plus-nova-generacija-sportskih-podova/;post-sitemap.xml;200;;1;"Bergo ultimate i ultimate plus &#8211; Nova generacija sportskih podova";2;0;Place,PostalAddress,ImageObject,WebSite,BreadcrumbList,ListItem,WebPage,Person,BlogPosting;129;118;169;"Bergo Ultimate i Ultimate Plus | Antas Line";"BERGO ULTIMATE je podloga za sportske terene za sve vremenske prilike za većinu sportova. Novi fleksibilni sportski pod.";198601;1.4;
http://localhost/antasline/instalacija-i-ugradnja-esd-poda-istrazivacki-centar-quectel-beograd/;post-sitemap.xml;200;;1;"Montaza antistatik poda &#8211; Istrazivački centar Quectel, Beograd";2;0;Place,PostalAddress,ImageObject,WebSite,BreadcrumbList,ListItem,WebPage,Person,BlogPosting;126;118;166;"Montaža antistatik poda – Istraživački centar Quectel | Antas Line";"Montaza antistatik poda u plocama. Podloga se lako montira, ima dug vek trajanja i otporna je na kretanje viljuskara i kolica.";196979;1.48;
http://localhost/antasline/montazni-podovi-za-kretanje-teskih-vozila-privremeni-podovi/;post-sitemap.xml;200;;1;"Montažni podovi za velika opterećenja";2;0;Place,PostalAddress,ImageObject,WebSite,BreadcrumbList,ListItem,WebPage,Person,BlogPosting;127;118;168;"Montažni podovi za velika opterećenja";"Montažni podovi Bergo solid podovi se lako montiraju preko zemlje, trave, peska i omogućavaju lako kretanje vozila i ljudi.";198273;1.35;
http://localhost/antasline/ugradnje-industrijskog-poda/;post-sitemap.xml;200;;1;"O čemu treba voditi računa prilikom ugradnje industrijskog poda?";2;0;Place,PostalAddress,ImageObject,WebSite,BreadcrumbList,ListItem,WebPage,Person,BlogPosting;125;118;165;"O čemu treba voditi računa prilikom ugradnje industrijskog poda? | Antas Line";"Ugradnja industrijskog poda preko betona, pločica, starog epoksida. Ecotile ima sigurno rešenje za stare i istrošene industrijske podove";199827;0.85;
http://localhost/antasline/zasto-vam-je-potreban-esd-pod/;post-sitemap.xml;200;;1;"Zašto vam je potreban ESD pod?";2;0;Place,PostalAddress,ImageObject,WebSite,BreadcrumbList,ListItem,WebPage,Person,BlogPosting;128;118;171;"Zašto vam je potreban ESD pod? | Antas Line";"Cemu sluzi antistatik pod i kada je neophodno postaviti ga u prostoriji? Ecotile je razvio jednostavan i siguran sistem antistatik podova";205705;1.25;
http://localhost/antasline/pvc-podne-ploce-ili-gumeni-podovi/;post-sitemap.xml;200;;1;"PVC podne ploče ili Gumeni podovi?";2;0;Place,PostalAddress,ImageObject,WebSite,BreadcrumbList,ListItem,WebPage,Person,BlogPosting;126;118;166;"PVC podne ploče ili Gumeni podovi? | Antas Line";"PVC podovi u plocama za radioni, magacine, hale, javne objekte. Laka montaza preko postojeci povrsina kao sto su plocice, laminat, beton ...";199259;1.07;
http://localhost/antasline/izbor-industrijskog-poda-tri-najcesca-pitanja/;post-sitemap.xml;200;;1;"Izbor industrijskog poda: Tri najčešća pitanja";2;0;Place,PostalAddress,ImageObject,WebSite,BreadcrumbList,ListItem,WebPage,Person,BlogPosting;127;118;168;"Izbor industrijskog poda: tri najčešća pitanja | Antas Line";"Kako izabrati industrijski pod? Vrste industrijskog poda i premena industrijskog poda.";200064;1.08;
http://localhost/antasline/kako-napraviti-teren-za-basket-ili-kosarkaski-teren/;post-sitemap.xml;200;;1;"Kako napraviti teren za basket ili košarkaški teren";3;0;Place,PostalAddress,ImageObject,WebSite,BreadcrumbList,ListItem,WebPage,Person,BlogPosting,FAQPage,Question,Answer;182;118;224;"Kako napraviti teren za košarku ili basket? | Antas Line";"Kako napraviti teren za basket ili teren za košarku je večito pitanje od kad ste se upoznali sa košarkaškom loptom. Kratko uputstvo.";256117;3.29;
http://localhost/antasline/sta-postaviti-preko-starog-parketa-ili-plocica-2/;post-sitemap.xml;200;;1;"Šta postaviti preko starog parketa ili pločica?";3;0;Place,PostalAddress,ImageObject,WebSite,BreadcrumbList,ListItem,WebPage,Person,BlogPosting,FAQPage,Question,Answer;134;118;172;"Šta postaviti preko starog parketa ili pločica? | AntasLine";"Podne obloge koje se postavljaju direktno preko starog parketa ili pločica, bez lepljenja i prašine — Objectflor Clic LVT, Ecotile i R-Tek. Pozovite 069 234 00 72.";206313;2.3;
http://localhost/antasline/teren-za-basket-3x3/;post-sitemap.xml;200;;1;"Teren za basket (3&#215;3) &#8211; TC Galerija Dunk Shop";2;0;Place,PostalAddress,ImageObject,WebSite,BreadcrumbList,ListItem,WebPage,Person,BlogPosting;126;118;166;"Teren za basket (3x3) - TC Galerija Dunk Shop | Antas Line";"Teren za basket na TC Galerija. Podloga švedskog proizvodjaca Bergo flooring radjena po FIBA standarima u saradnji sa Dunk shop-om.";195264;1.26;
http://localhost/antasline/podloga-za-teniske-terene/;post-sitemap.xml;200;;1;"Podloga za teniske terene";2;0;Place,PostalAddress,ImageObject,WebSite,BreadcrumbList,ListItem,WebPage,Person,BlogPosting;133;118;181;"Šljaka za teniski teren — cena i ostale podloge za tenis";"Šljaka: najpristupačnija podloga za tenis, zahteva održavanje. Poredimo sa travom, akrilom i Bergo pločama. Cena i ponuda: 069 234 00 72.";221306;1.76;
http://localhost/antasline/epoksidni-podovi-ili-ecotile-podovi/;post-sitemap.xml;200;;1;"Epoksidni podovi ili PVC ploče (Ecotile): poređenje cene, montaže i trajnosti";3;0;Place,PostalAddress,ImageObject,WebSite,BreadcrumbList,ListItem,WebPage,Person,BlogPosting,FAQPage,Question,Answer;133;118;178;"Epoksidni pod ili Ecotile PVC ploče? Cena po m² | Antas Line";"Epoksidni pod ili Ecotile PVC ploče: cena po m², vreme montaže i zastoj proizvodnje — direktno poređenje pre nego što odlučite. Pozovite 069 234 00 72.";216012;2.32;
http://localhost/antasline/teren-za-pickleball/;post-sitemap.xml;200;;1;"Teren za piklbol (pickleball)";3;0;Place,PostalAddress,ImageObject,WebSite,BreadcrumbList,ListItem,WebPage,Person,BlogPosting,FAQPage,Question,Answer,Product,Brand;130;118;169;"Teren za piklbol (pickleball) — dimenzije i sportska podloga";"Teren za piklbol: dimenzije 13,4×6,1 m, mreža 86 cm. Bergo Ultimate FLOV™ sportska podloga za teren. Ponuda: 069 234 00 72.";206014;2.04;
http://localhost/antasline/dimenzije-fudbalskog-terena/;post-sitemap.xml;200;;1;"Dimenzije fudbalskog terena";1;0;Place,PostalAddress,ImageObject,WebSite,BreadcrumbList,ListItem,WebPage,Person,BlogPosting;130;118;164;"Dimenzije fudbalskog terena — standard, gol, šesnaesterac | Antas Line";"Fudbalski teren: 90–120 × 45–90 m, međunarodni 100–110 × 64–75 m, standard 105×68 m. Gol 7,32×2,44 m, penal 11 m. Dimenzije za mali fudbal i futsal + izbor podloge.";203934;2.44;
http://localhost/antasline/podovi-za-radionice/;post-sitemap.xml;200;;1;"Podovi za radionice i garaže: kad tvoj auto zaslužuje bolje od običnog betona";3;0;Place,PostalAddress,ImageObject,WebSite,BreadcrumbList,ListItem,WebPage,Person,BlogPosting,Organization,ContactPoint,Action;130;118;170;"Podovi za radionice i garaže: kad tvoj auto zaslužuje bolje od običnog betona | Antas Line";"Pretvorite svoju garažu ili radionicu u profesionalan prostor! PVC i gumeni podovi Antas Line – postavljanje za samo 3–4 sata. Pozovite nas danas!";204139;1.69;
http://localhost/antasline/podovi-za-stamparije/;post-sitemap.xml;200;;1;"Podovi za štamparije";3;0;Place,PostalAddress,ImageObject,WebSite,BreadcrumbList,ListItem,WebPage,Person,BlogPosting,FAQPage,Question,Answer;128;118;169;"Podovi za štamparije | Antas Line";"Podovi za stamparije i industrijske objekte. Kako izabrati odgovarajući pod u štampariji. Ecotile nudi rešenje.";204065;1.6;
http://localhost/antasline/pop-tenis/;post-sitemap.xml;200;;1;"Padel tenis";3;0;Place,PostalAddress,ImageObject,WebSite,BreadcrumbList,ListItem,WebPage,Person,BlogPosting,FAQPage,Question,Answer;127;118;169;"Padel teren — dimenzije, podloga i izgradnja";"Padel teren: dimenzije 20×10 m, staklene zidove, podloga (veštačka trava ili Bergo) i oprema. Izgradnja terena po meri — pozovite 069 234 00 72.";201246;1.61;
http://localhost/antasline/podloga-za-odbojkaske-terene/;post-sitemap.xml;200;;1;"Odbojkaški teren — dimenzije i podloga";3;0;Place,PostalAddress,ImageObject,WebSite,BreadcrumbList,ListItem,WebPage,Person,BlogPosting,FAQPage,Question,Answer;132;118;176;"Dimenzije odbojkaškog terena, mreže i podloge";"Odbojkaški teren: 18×9 m, mreža 2,43/2,24 m, teren na pesku 16×8 m. Izbor podloge za salu i otvoreno + FAQ. Ponuda: 069 234 00 72.";207406;2.25;
http://localhost/antasline/;page-sitemap.xml;200;;1;"Podovi koji izdrže sve";1;0;Place,PostalAddress,ImageObject,WebSite,SearchAction,WebPage,Person,Article;146;118;175;"Početna | Antas Line";;204952;3.02;
http://localhost/antasline/spoljnje-podne-obloge/bergo-unique/;page-sitemap.xml;200;;1;"Bergo Unique — elegantna modularna podloga za terase i bašte";2;0;Place,PostalAddress,ImageObject,WebSite,BreadcrumbList,ListItem,WebPage,Person,Article,VideoObject,Organization;139;118;163;"Bergo Unique – elegantna podloga za terase i bašte | Antas Line";"Bergo Unique – elegantna PVC podloga za terase i bašte, 15 boja, montaža bez lepka klik-sistemom. Pošaljite upit.";203549;2.54;
http://localhost/antasline/spoljnje-podne-obloge/bergo-elite/;page-sitemap.xml;200;;1;"Bergo Elite — elegantna podloga za terase kafića i poslovne prostore";2;0;Place,PostalAddress,ImageObject,WebSite,BreadcrumbList,ListItem,WebPage,Person,Article,VideoObject,Organization;137;118;161;"BERGO Elite - podloga za terase kafića | Antas Line";"Bergo Elite terase podloga za kafiće, restorane i poslovne prostore — puna jednobojna PP ploča u 26 boja, brza montaža bez lepka, minimalno održavanje.";202200;1.96;
http://localhost/antasline/spoljnje-podne-obloge/bergo-xl/;page-sitemap.xml;200;;1;"Bergo XL — modularna podloga za terase, bazene i bašte";2;0;Place,PostalAddress,ImageObject,WebSite,BreadcrumbList,ListItem,WebPage,Person,Article,VideoObject,Organization;133;118;156;"Bergo XL — podloga za terase, bazene i bašte | Antas Line";"Bergo XL modularna podloga sa cvetnim dezenom u 16 boja — montaža bez lepka, klik sistemom. Za terase, bazene, bašte i saune. Pošaljite upit.";195778;1.39;
http://localhost/antasline/pvc-podne-ploce/;page-sitemap.xml;200;;1;"PVC podne ploče";1;0;Place,PostalAddress,ImageObject,WebSite,BreadcrumbList,ListItem,WebPage,Person,Article;143;118;203;"PVC podne ploče — montažni podovi 5, 7 i 10 mm | Antas Line";"PVC podne ploče 500×500 mm spajaju se klik sistemom preko starog betona — bez lepka i bez zaustavljanja pogona. Debljine 5–10 mm, ESD varijanta, garancija do 25 godina.";238935;2.93;
http://localhost/antasline/industrijski-podovi/;page-sitemap.xml;200;;1;"Industrijski PVC podovi u pločama";2;0;Place,PostalAddress,ImageObject,WebSite,BreadcrumbList,ListItem,WebPage,Person,Article,VideoObject,Organization;140;118;175;"Industrijski PVC podovi — Ecotile, standardi i cena po m²";"Ecotile PVC ploče za magacine, proizvodnju i ESD zone. Standardi, antiklizna klasa R10, VOC E1, montaža bez lepka i zastoja proizvodnje.";204786;1.55;
http://localhost/antasline/sportske-podloge/bergo-ultimate/;page-sitemap.xml;200;;1;"Bergo Ultimate";1;0;Place,PostalAddress,ImageObject,WebSite,BreadcrumbList,ListItem,WebPage,Person,Article;135;118;162;"Bergo Ultimate | Antas Line";;211375;2.53;
http://localhost/antasline/podovi-za-garaze/;page-sitemap.xml;200;;1;"Podovi za garaže — vrste i cena po m²";1;0;Place,PostalAddress,ImageObject,WebSite,BreadcrumbList,ListItem,WebPage,Person,Article;125;118;155;"Podovi za garaže — PVC ploče, cena po m² | Antas Line";"Kakav pod za garažu izabrati? PVC klik ploče preko betona — bez lepka i prašine, otporne na ulje i gume. Ugradnja za jedan dan, cena od 4.600 RSD/m². Pogledajte.";188721;1.3;
http://localhost/antasline/podovi-za-stale/;page-sitemap.xml;200;;1;"Gumeni podovi za štale, za konje i poljoprivredne površine";1;0;Place,PostalAddress,ImageObject,WebSite,BreadcrumbList,ListItem,WebPage,Person,Article;133;118;162;"Gumeni podovi za štale, za konje i poljoprivredne površine | Antas Line";"Gumeni podovi za štale, konje i poljoprivredne površine — Stable i Paddock ploče, velika nosivost, laka montaža. Zatražite ponudu: 069 234 00 72.";197437;1.95;
http://localhost/antasline/zastitne-podloge-za-travu-i-plocnike/;page-sitemap.xml;200;;1;"Bergo Solid";1;0;Place,PostalAddress,ImageObject,WebSite,BreadcrumbList,ListItem,WebPage,Person,Article;143;118;171;"Zaštitne podloge za travu i pločnike | Antas Line";"Bergo Solid — zaštitne podloge za travu i pločnike, nosivost do 200 t/m². Zaštita terena od teških vozila i ljudi. Zatražite ponudu: 069 234 00 72.";210370;3.54;
http://localhost/antasline/lvt-podovi-za-komercijalne-i-javne-prostore/expona-click/;page-sitemap.xml;200;;1;"Expona Click — LVT podovi za kancelarije i poslovne prostore";1;0;Place,PostalAddress,ImageObject,WebSite,BreadcrumbList,ListItem,WebPage,Person,Article;130;118;160;"Expona Click | Antas Line";"LVT podovi za poslovni prostor i kancelarije u dezenima drveta i betona. Klik sistem montaže, zvučna izolacija, otporan na vodu.";191263;1.25;
http://localhost/antasline/lvt-podovi-za-komercijalne-i-javne-prostore/vinil-podovi/;page-sitemap.xml;200;;1;"Expona Commercial — LVT vinil podovi za javne i komercijalne objekte";1;0;Place,PostalAddress,ImageObject,WebSite,BreadcrumbList,ListItem,WebPage,Person,Article;130;118;162;"Expona Commercial | Antas Line";"Podovi za javne objekte koji svojim dizajnom čine prostor drugačijim. Preko 80 dezena, od rustičnih do drvenih motiva. IAC Gold sertifikat.";192628;1.11;
http://localhost/antasline/sportske-podloge/sportski-podovi-za-teniske-terene/;page-sitemap.xml;200;;1;"Izrada teniskih terena — akril, veštačka trava i Bergo ploče";1;0;Place,PostalAddress,ImageObject,WebSite,BreadcrumbList,ListItem,WebPage,Person,Article;126;118;157;"Izrada teniskih terena — US open akril, veštačka trava, Bergo";"Izrada teniskih terena sa akrilnim premazima (US open, ITF 1–4), veštačkom travom i Bergo PP pločama. Reference i upit za cenu: 069 234 00 72.";194112;1.07;
http://localhost/antasline/industrijski-podovi/podovi-za-teretane-i-fitnes-centre/;page-sitemap.xml;200;;1;"Podovi za teretane i fitnes centre";1;0;Place,PostalAddress,ImageObject,WebSite,BreadcrumbList,ListItem,WebPage,Person,Article;140;118;182;"Podovi za teretane i fitnes centre | Antas Line";"Ecotile PVC podovi za teretane i fitnes centre — otporni na udarce tegova, lako se čiste, brza montaža bez prekida rada. Pozovite za ponudu.";226469;1.26;
http://localhost/antasline/industrijski-podovi/podovi-za-zdravstvene-objekte/;page-sitemap.xml;200;;1;"Podovi za zdravstvene objekte";1;0;Place,PostalAddress,ImageObject,WebSite,BreadcrumbList,ListItem,WebPage,Person,Article;139;118;182;"Podovi za zdravstvene objekte | Antas Line";"Ecotile PVC podovi za ordinacije, klinike i zdravstvene ustanove — higijenska površina bez fuga, otporna na dezinfekciona sredstva, brza montaža. Pozovite za ponudu.";227182;1.1;
http://localhost/antasline/industrijski-podovi/podovi-za-hemijsku-i-prehrambenu-industriju/;page-sitemap.xml;200;;1;"Podovi za hemijsku i prehrambenu industriju";1;0;Place,PostalAddress,ImageObject,WebSite,BreadcrumbList,ListItem,WebPage,Person,Article;141;118;185;"Podovi za hemijsku i prehrambenu industriju | Antas Line";"Ecotile PVC podovi za hemijsku i prehrambenu industriju — otporni na kiseline i dezinfekciona sredstva, bez fuga, brza montaža bez prekida proizvodnje. Pozovite za ponudu.";229871;1.41;
http://localhost/antasline/gumeni-podovi-za-terase-cena/;page-sitemap.xml;200;;1;"Gumeni podovi za terase — cena po m²";1;0;Place,PostalAddress,ImageObject,WebSite,BreadcrumbList,ListItem,WebPage,Person,Article;124;118;158;"Gumeni podovi za terase — cena po m² i vrste | Antas Line";"Koliko koštaju gumeni podovi za terasu? Uporedite gumene, PVC/vinil i Bergo podloge — pošaljite dimenzije i dobijate tačnu cenu po m² za jedan radni dan.";188445;1.37;
http://localhost/antasline/industrijski-podovi-cena/;page-sitemap.xml;200;;1;"Cena industrijskog poda po m² — Ecotile PVC ploče";1;0;Place,PostalAddress,ImageObject,WebSite,BreadcrumbList,ListItem,WebPage,Person,Article;124;118;160;"Industrijski podovi — cena po m² (PVC ploče) | Antas Line";"Koliko košta industrijski pod? Cena Ecotile PVC ploča zavisi od debljine i kvadrature, uz rabat na veće površine. Ugradnja bez zatvaranja pogona. Zatražite ponudu.";190499;0.88;
http://localhost/antasline/industrijski-podovi/ecotile-5005-podne-ploce/;page-sitemap.xml;200;;1;"Podne ploče Ecotile 500/5";1;0;Place,PostalAddress,ImageObject,WebSite,BreadcrumbList,ListItem,WebPage,Person,Article;132;118;157;"Ecotile 500/5 podne ploče za javne i komercijalne objekte | Antasline";"Ecotile 500/5 — osnovna, lakša verzija PVC podnih ploča za radnje, kancelarije i javne objekte. Brza montaža bez lepka, otporne na hemikalije i udarce.";193429;1.2;
http://localhost/antasline/industrijski-podovi-montaza-preko-ostecenog-epoksida/;page-sitemap.xml;200;;1;"Postavljanje Ecotile PVC podloga preko ispucalog epoksida ili betona";1;0;Place,PostalAddress,ImageObject,WebSite,BreadcrumbList,ListItem,WebPage,Person,Article;124;118;154;"Popravka oštećenog epoksidnog poda postavljanjem podnih ploča | Antas Line";"PVC podne ploce za magacine, radionice, hale, proizvodnju. Laka montaza preko ostecenih povrsina. 10 godina garancije.";189237;0.82;
http://localhost/antasline/industrijski-podovi/podne-ploce-ecotile-50010/;page-sitemap.xml;200;;1;"Podne ploče Ecotile 500/10";1;0;Place,PostalAddress,ImageObject,WebSite,BreadcrumbList,ListItem,WebPage,Person,Article;126;118;156;"Ecotile 500/10 podne ploče za velika opterećenja | Antasline";"Podne ploče za podove po kojima je predviđeno kretanje teških mašina i viljuškara. Otporne na ekstremne uslove i opterećenja.";189641;1.08;
http://localhost/antasline/ergonomske-podloge-2/;page-sitemap.xml;200;;1;"Ergonomske podloge za stajanje";1;0;Place,PostalAddress,ImageObject,WebSite,BreadcrumbList,ListItem,WebPage,Person,Article;131;118;158;"Ergonomski podovi | Antasline";"Ergonomske podloge od gume i pene koje smanjuju zamor zaposlenih tokom stajanja i hodanja. Podloge za spoljašnja i untrašnja radna okruženja.";194459;1.82;
http://localhost/antasline/lvt-podovi-za-komercijalne-i-javne-prostore/kancelarije-i-poslovni-prostori/;page-sitemap.xml;200;;1;"Koji pod izabrati za kancelarije i poslovni prostor?";1;0;Place,PostalAddress,ImageObject,WebSite,BreadcrumbList,ListItem,WebPage,Person,Article;129;118;159;"Podovi za kancelarije i poslovni prostor — LVT vinil | Antas Line";"LVT vinil podovi za kancelarije i poslovne prostore — tiha i izdržljiva podloga, brza montaža bez prekida rada, preko 80 dezena. Pozovite za besplatnu ponudu.";193141;1.52;
http://localhost/antasline/industrijski-podovi/trake-za-obelezavanje/;page-sitemap.xml;200;;1;"Trake za obeležavanje podova";1;0;Place,PostalAddress,ImageObject,WebSite,BreadcrumbList,ListItem,WebPage,Person,Article;146;118;190;"Trake za obeležavanje podova — DuraStripe program";"DuraStripe trake za obelezavanje podova u magacinima i halama. Brza ugradnja bez farbanja, otporne na viljuskare i hemikalije. Zatrazite ponudu.";235180;1.75;
http://localhost/antasline/iznajmljivanje-podova/;page-sitemap.xml;200;;1;"Rentiranje mobilnih podloga za događaje i teške terene";1;0;Place,PostalAddress,ImageObject,WebSite,BreadcrumbList,ListItem,WebPage,Person,Article;130;118;155;"Rentiranje mobilnih podloga za događaje i teške terene";"Iznajmljivanje Bergo Solid podloga za sajmove, koncerte, gradilista i teska vozila na travi, pesku i blatu. Brza montaza, fleksibilan period najma. Zatrazite ponudu.";191959;1.13;
http://localhost/antasline/industrijski-podovi/garaze-i-autoservisi/;page-sitemap.xml;200;;1;"Čvrsti, izdržljivi i izolacioni podovi za garaže i auto-servise";1;0;Place,PostalAddress,ImageObject,WebSite,BreadcrumbList,ListItem,WebPage,Person,Article;133;118;158;"Podovi za garaže i auto-servise — Ecotile PVC ploče";"Ecotile PVC podne ploce za garaze, auto-servise i vulkanizerske radnje. Otporne na ulje i hemikalije, montaza za 1 dan bez lepka. Zatrazite ponudu.";192351;1.15;
http://localhost/antasline/sportski-podovi-za-sale-i-balone/;page-sitemap.xml;200;;1;"Podovi za sportske dvorane, sale i balone";2;0;Place,PostalAddress,ImageObject,WebSite,BreadcrumbList,ListItem,WebPage,Person,Article,VideoObject,Organization;130;118;155;"Podovi za sportske dvorane, sale i balone - Naxos Evolution";"Naxos Evolution modularna sportska podloga za sale, dvorane i balone. Montaza bez lepka za 1 dan, 4mm guma, 15 godina garancije. Zatrazite ponudu.";196561;1.13;
http://localhost/antasline/spoljnje-podne-obloge/podovi-za-bazene/;page-sitemap.xml;200;;1;"Podne obloge oko bazena i za vlažne prostore";1;0;Place,PostalAddress,ImageObject,WebSite,BreadcrumbList,ListItem,WebPage,Person,Article;130;118;157;"Neklizajuće podloge oko bazena — Bergo podne obloge";"Bergo podne obloge oko bazena: antibakterijske, neklizajuce, ne upijaju vlagu. Za bazene, svlacionice, spa i terase. Montaza bez lepka, zatrazite ponudu.";191985;1.17;
http://localhost/antasline/kosarka-3x3-tereni/;page-sitemap.xml;200;;1;"Podloge za 3&#215;3 košarkaške terene";1;0;Place,PostalAddress,ImageObject,WebSite,BreadcrumbList,ListItem,WebPage,Person,Article;129;118;156;"Podloge za 3x3 košarkaške terene — Bergo Ultimate | Antas Line";"Bergo Ultimate — FIBA sertifikovana podloga za 3x3 terene na otvorenom. Dimenzije 15×11m, preko 15 boja, UV stabilna. Pošaljite upit.";190281;1.19;
http://localhost/antasline/dimenzije-kosarkaske-table/;page-sitemap.xml;200;;1;"Dimenzije table za košarku — kompletan vodič";1;0;Place,PostalAddress,ImageObject,WebSite,BreadcrumbList,ListItem,WebPage,Person,Article;129;118;158;"Dimenzije table za košarku — koš, visina, cena | Antas Line";"Kolike su dimenzije table za košarku (koša)? NBA/FIBA standard, visina montaže, staklo vs akril, uradi sam ili gotova konstrukcija — sve na jednom mestu.";194043;1.56;
http://localhost/antasline/podloge-za-hokejaske-terene/;page-sitemap.xml;200;;1;"Podloge za hokejaške terene";1;0;Place,PostalAddress,ImageObject,WebSite,BreadcrumbList,ListItem,WebPage,Person,Article;129;118;154;"Podloge za hokejaške terene (dvoranski hokej) | Antas Line";"Naxos Evolution — modularna podloga za dvoranski hokej/floorball u sali. Montaža bez lepka za 1 dan, 15 godina garancije. Pošaljite upit.";189568;1.32;
http://localhost/antasline/podovi-za-stoni-tenis-sale/;page-sitemap.xml;200;;1;"Podovi za stoni tenis";1;0;Place,PostalAddress,ImageObject,WebSite,BreadcrumbList,ListItem,WebPage,Person,Article;129;118;154;"Podovi za stoni tenis — mat podloga za salu | Antas Line";"Naxos Evolution — mat, protivklizna podloga za stoni tenis u sali. Montaža bez lepka za 1 dan. Pošaljite upit za cenu.";189296;1.16;
http://localhost/antasline/podloge-za-futsal-terene/;page-sitemap.xml;200;;1;"Podloge za futsal terene";1;0;Place,PostalAddress,ImageObject,WebSite,BreadcrumbList,ListItem,WebPage,Person,Article;129;118;154;"Futsal (mali fudbal) teren — dimenzije i podloga | Antas Line";"Futsal (mali fudbal): dimenzije terena 38–42 × 18–22 m. Naxos Evolution za salu ili Bergo Ultimate za otvoren teren. Ponuda: 069 234 00 72.";190136;1.14;
http://localhost/antasline/sportske-podloge/;page-sitemap.xml;200;;1;"Sportski podovi za spoljašnju i unutrašnju upotrebu";2;0;Place,PostalAddress,ImageObject,WebSite,BreadcrumbList,ListItem,WebPage,Person,Article,VideoObject,Organization;141;118;163;"Sportske podloge za kosarku, basket, 3x3, odbojku, futsal";"Sportske podloge za terene za košarku, basket, odbojku, rukomet, futsal, tenis. Podloga za sportske terene 3x3 po FIBA standardima.";198494;2.6;
http://localhost/antasline/gumeni-podovi-javne-objekte-i-teretane/;page-sitemap.xml;200;;1;"Gumeni podovi za teretane i javne objekte";1;0;Place,PostalAddress,ImageObject,WebSite,BreadcrumbList,ListItem,WebPage,Person,Article;136;118;162;"Gumeni podovi za teretane i javne objekte — SaarFloor";"Gumeni podovi SaarFloor za teretane, sportske centre, škole, bolnice i proizvodne hale. Elastični, protivklizni, minimalno održavanje. Upit: 069 234 00 72.";193866;1.87;
http://localhost/antasline/spoljnje-podne-obloge/vestacka-trava-za-terase/;page-sitemap.xml;200;;1;"Veštačka trava za dvorišta i bašte";1;0;Place,PostalAddress,ImageObject,WebSite,BreadcrumbList,ListItem,WebPage,Person,Article;132;118;161;"Veštačka trava za terase | Antas Line";"Veštačku travu možete postaviti na bilo koju tvrdu i ravnu površinu. Nudimo paletu kvalitetne veštačke trave u bojama za dvorišta i događaje.";193512;1.93;
http://localhost/antasline/lvt-podovi-za-komercijalne-i-javne-prostore/expona-simplay/;page-sitemap.xml;200;;1;"EXPONA Simplay 19dB — loose-lay LVT podovi bez lepka";2;0;Place,PostalAddress,ImageObject,WebSite,BreadcrumbList,ListItem,WebPage,Person,Article,FAQPage,Question,Answer;136;118;167;"EXPONA Simplay 19dB — loose-lay LVT pod | Antas Line";"Samopolažuća LVT pločica bez lepka sa IXPE podlogom: udarni zvuk manji za 19 dB, 12 dezena, pod pregaziv odmah po ugradnji. Ponuda i uzorci na upit.";198572;1.88;
http://localhost/antasline/industrijski-podovi-najcesca-pitanja/;page-sitemap.xml;200;;1;"Najčešća pitanja o industrijskim Ecotile podovima";1;0;Place,PostalAddress,ImageObject,WebSite,BreadcrumbList,ListItem,WebPage,Person,Article;129;118;159;"Najčešća pitanja o industrijskim podovima | Antas Line";"Najčešća pitanja o Ecotile industrijskim podovima: viljuškari, montaža bez lepka, upotreba odmah, ESD verzija, priprema podloge. Pozovite 069 234 00 72.";192391;1.55;
http://localhost/antasline/bergo/;page-sitemap.xml;200;;1;"Bergo — sportske i terase podloge";1;0;Place,PostalAddress,ImageObject,WebSite,BreadcrumbList,ListItem,WebPage,Person,Article;142;118;201;"Bergo — sportske i terase podloge | Antas Line";"AntasLine je distributer Bergo Flooring podloga u Srbiji — sportski tereni, terase, bašte i privremene površine za teška vozila. Pogledajte sve modele i zatražite ponudu.";239494;1.73;
http://localhost/antasline/podloge-za-parkiraliste-cena/;page-sitemap.xml;200;;1;"Podloge za parkiralište — cena po m² i nosivost";1;0;Place,PostalAddress,ImageObject,WebSite,BreadcrumbList,ListItem,WebPage,Person,Article;125;118;156;"Podloge za parking — cena po m², plastično saće | Antas Line";"Cena plastičnih podloga (saća) za parking: 2.800–4.200 din/m² sa PDV. Nosivost do 600 t/m², ugradnja bez betoniranja, propušta vodu — bez blata i barica.";190483;1.01;
http://localhost/antasline/dimenzije-teniskog-terena/;page-sitemap.xml;200;;1;"Dimenzije teniskog terena — singl, dubl i mreža";1;0;Place,PostalAddress,ImageObject,WebSite,BreadcrumbList,ListItem,WebPage,Person,Article;129;118;160;"Dimenzije teniskog terena — singl, dubl i mreža [tabela]";"Dimenzije teniskog terena: 23,77×8,23 m (singl), 23,77×10,97 m (dubl). Tabela svih mera + najbrža podloga u tenisu + US Open teren.";196038;1.73;
http://localhost/antasline/industrijski-podovi/podovi-za-magacine-i-hale/;page-sitemap.xml;200;;1;"Podovi za magacine i proizvodne hale";1;0;Place,PostalAddress,ImageObject,WebSite,BreadcrumbList,ListItem,WebPage,Person,Article;130;118;160;"Podovi za magacine i hale | Antas line";"Podovi za magacine i hale Ecotile se lako montiraju preko oštećenih površina. Trpe kretanje viljuškara, otporne su na udarce i hemikalije.";192999;1.18;
http://localhost/antasline/lvt-podovi-za-komercijalne-i-javne-prostore/vinil-podovi-za-restorane-hotele-kafice-kancelarije-i-poslovne-prostore/;page-sitemap.xml;200;;1;"Vinil podovi za hotele, restorane, kafiće i poslovne prostore";1;0;Place,PostalAddress,ImageObject,WebSite,BreadcrumbList,ListItem,WebPage,Person,Article;131;118;156;"Vinil podovi za restorane, hotele i kafiće | Antas Line";"Vinil LVT podovi za hotele, restorane, javne objekte, škole. Preko 80 modela najkvalitetnijih vinil podova u dezenima drveta, betona i metala.";192726;1.19;
http://localhost/antasline/industrijski-podovi/podovi-za-maloprodajne-objekte/;page-sitemap.xml;200;;1;"Pod za poslovne prostore, prodavnice i radnje";1;0;Place,PostalAddress,ImageObject,WebSite,BreadcrumbList,ListItem,WebPage,Person,Article;133;118;159;"Podovi za poslovne prostore, prodavnice i radnje | Antas Line";"Ecotile podne obloge za poslovne prostore, radnje i prodavnice — brza montaža bez lepka, preko oštećenih podova, povoljna cena.";193594;1.43;
http://localhost/antasline/sportske-podloge/opremazasportsketerene/;page-sitemap.xml;200;;1;"Oprema za sportske terene";1;0;Place,PostalAddress,ImageObject,WebSite,BreadcrumbList,ListItem,WebPage,Person,Article;125;118;163;"Oprema za sportske terene | Antasline";"Oprema za sportske terene i igraslita - kosarkaske konstruckije, golovi, led rasveta, zastitna mreza, tribine i sedista";189032;1.05;
http://localhost/antasline/sportske-podloge/sportska-podloga-za-pickleball/;page-sitemap.xml;200;;1;"Gumirana podloga za pickleball — Bergo Ultimate FLOW";1;0;Place,PostalAddress,ImageObject,WebSite,BreadcrumbList,ListItem,WebPage,Person,Article;132;118;155;"Gumirana podloga za pickleball - NOVO | Antasline";"BERGO ULTIMATE FLow™ je mekši i fleksibilniji sportski pod razvijen prvenstveno za pickleball ali i za sve ostale sportove.";194326;1.1;
http://localhost/antasline/sportske-podloge/padel-tereni/;page-sitemap.xml;200;;1;"Veštačka trava za padel i tenis";1;0;Place,PostalAddress,ImageObject,WebSite,BreadcrumbList,ListItem,WebPage,Person,Article;124;118;152;"vestacka trava za padel";"Vestacka trava za padel i teniske terene Italijanskog proizvodjaca Sit-in. Isporuka i montaza vestacke trave za padel i tenis.";187268;0.82;
http://localhost/antasline/galerija/;page-sitemap.xml;200;;1;"Slike sportskih terena";1;0;Place,PostalAddress,ImageObject,WebSite,BreadcrumbList,ListItem,WebPage,Person,Article;161;118;191;"Galerija - sportski tereni | Antasline";"Izgradnja sportskih terena - Slike sportskih terena za kosarku, basket, odbojku, rukomet, tenis.";215209;5.33;
http://localhost/antasline/lvt-podovi-za-komercijalne-i-javne-prostore/vinil-podovi-objectflor/;page-sitemap.xml;200;;1;"Luksuzni vinil podovi u rolnama sa replikom drvenih daski";1;0;Place,PostalAddress,ImageObject,WebSite,BreadcrumbList,ListItem,WebPage,Person,Article;129;118;159;"EXPONA Flow — vinil podovi u rolnama sa replikom drveta";"EXPONA Flow LVT vinil u rolnama sa autenticnom replikom drvenih daski. Bez ftalata, IAC Gold sertifikat. Za restorane, kancelarije, skole. Zatrazite ponudu.";193665;1.58;
http://localhost/antasline/lvt-podovi-za-komercijalne-i-javne-prostore/;page-sitemap.xml;200;;1;"LVT vinil podovi za komercijalne i javne prostore";1;0;Place,PostalAddress,ImageObject,WebSite,BreadcrumbList,ListItem,WebPage,Person,Article;131;118;169;"LVT vinil podovi Objectflor — luksuzni vinil za komercijalne prostore";"LVT vinil podovi Objectflor Expona za hotele, restorane, kancelarije i radnje. Vodootporni, laki za odrzavanje, klik montaza. Zatrazite ponudu.";193274;1.28;
http://localhost/antasline/spoljnje-podne-obloge/bergo-easy/;page-sitemap.xml;200;;1;"Podloge za manifestacije, sajmove i promocije";2;0;Place,PostalAddress,ImageObject,WebSite,BreadcrumbList,ListItem,WebPage,Person,Article,VideoObject,Organization;137;118;162;"Podloge za manifestacije, sajmove i promocije — Bergo Easy";"Bergo Easy modularna podloga za sajmove, koncerte i dogadjaje na otvorenom. Montaza bez lepka i alata, propusta vodu. Zatrazite ponudu.";202192;2.31;
http://localhost/antasline/industrijski-podovi/industrijski-pod/;page-sitemap.xml;200;;1;"Industrijski pod za magacine i radionice, spreman za upotrebu odmah posle ugradnje";1;0;Place,PostalAddress,ImageObject,WebSite,BreadcrumbList,ListItem,WebPage,Person,Article;141;118;165;"Ecotile 500/7 — industrijski pod za magacine i radionice";"Ecotile 500/7 PVC ploca za magacine i radionice: 7,6 mm, protivklizna R10, izdrzava viljuskare do 3,5t. Ugradnja bez lepka, cena na upit.";202311;2.2;
http://localhost/antasline/antistatik-i-elektroprovodljivi-podovi/;page-sitemap.xml;200;;1;"Antistatik i elektroprovodni podovi (ESD)";2;0;Place,PostalAddress,ImageObject,WebSite,BreadcrumbList,ListItem,WebPage,Person,Article,VideoObject,Organization;144;118;173;"Antistatik pod i ESD podovi za server sale i kancelarije";"Antistatički podovi i ESD podovi za server sale, servise i prostorije sa osetljivim uređajima. Laka montaža preko pločica, parketa, betona ...";225818;2.12;
http://localhost/antasline/sportske-podloge/kosarkaske-konstrukcije/;page-sitemap.xml;200;;1;"Košarkaške konstrukcije";1;0;Place,PostalAddress,ImageObject,WebSite,BreadcrumbList,ListItem,WebPage,Person,Article;141;118;195;"Koševi za dvorište i košarkaške konstrukcije | Antas Line";"Koš za dvorište sa podesivom visinom 2,30–3,05 m — Goaliath, Hoopair i Goalrilla, cene od 167.790 RSD. Mobilne konstrukcije za dvorane i škole, EN1270 i FIBA.";237426;2.04;
http://localhost/antasline/spoljnje-podne-obloge/;page-sitemap.xml;200;;1;"Spoljne podne obloge za bašte i terase";1;0;Place,PostalAddress,ImageObject,WebSite,BreadcrumbList,ListItem,WebPage,Person,Article;132;118;168;"Podovi za terase, dvorišta i bašte – Bergo PVC podne obloge";"Podovi za terase, dvorišta i bašte – Bergo PVC podne obloge, 4 modela (Unique, XL, Elite, Soft), bez lepka, vek trajanja 20+ godina. Pozovite 069 234 00 72.";199121;2.82;
http://localhost/antasline/podloge-za-parkiraliste-i-staze/;page-sitemap.xml;200;;1;"Podloge za parking, staze i stabilizaciju zemljišta";2;0;Place,PostalAddress,ImageObject,WebSite,BreadcrumbList,ListItem,WebPage,Person,Article,FAQPage,Question,Answer;132;118;162;"Podloge za parking i staze — Geoplast rešetke od 2.800 din/m²";"Runfloor, Geocross, Geogravel i Geoflor — Geoplast rešetke za parking, staze i zaštitu trave. Nosivost do 600 t/m², montaža bez iskopa.";199306;2.09;
http://localhost/antasline/dimenzije-kosarkaskog-terena/;page-sitemap.xml;200;;1;"Dimenzije košarkaškog terena (FIBA, NBA, školski)";1;0;Place,PostalAddress,ImageObject,WebSite,BreadcrumbList,ListItem,WebPage,Person,Article;129;118;160;"Dimenzije košarkaškog terena — FIBA, NBA, školski [tabela]";"Dimenzije košarkaškog terena: FIBA 28×15 m, NBA 28,65×15,24 m. Visina koša 3,05 m (mini-basket 2,60 m) — tabela po uzrastu, mere table i obruča, 3x3 varijanta.";202273;1.63;
http://localhost/antasline/podovi-za-radnje-i-maloprodajne-objekte/;page-sitemap.xml;200;;1;"Podovi za prodavnice, radnje i maloprodajne objekte";1;0;Place,PostalAddress,ImageObject,WebSite,BreadcrumbList,ListItem,WebPage,Person,Article;130;118;155;"Podovi za prodavnice, radnje i maloprodajne objekte | Antas Line";"R-Tile podne ploče za maloprodajne objekte — brza montaža bez lepka, preko oštećenih podloga. Specifikacija, primena i FAQ.";193666;1.25;
http://localhost/antasline/privremene-podloge-isotrack/;page-sitemap.xml;200;;1;"Privremene podloge za puteve, gradilišta i teška vozila";2;0;Place,PostalAddress,ImageObject,WebSite,BreadcrumbList,ListItem,WebPage,Person,Article,VideoObject,Organization;136;118;160;"Privremene podloge za puteve - Isotrack | Antas Line";"Isotrack ploče - privremeni putevi i zaštita tla za vozila i gradilišta. Montažno-demontažna podloga za nepristupačan teren, događaje i teška vozila.";202264;1.68;
http://localhost/antasline/o-nama/;page-sitemap.xml;200;;1;"AntasLine — Vaš partner za industrijske podove";1;0;Place,PostalAddress,ImageObject,WebSite,BreadcrumbList,ListItem,WebPage,Person,Article;138;118;156;"O AntasLine — Distributeri industrijskih i sportskih podova";"AntasLine je vodeći distributer industrijskih podova, Bergo ploča i sportskih terena u Srbiji, Crnoj Gori, Makedoniji, BiH i Hrvatskoj.";190117;1.56;
http://localhost/antasline/cene/;page-sitemap.xml;200;;1;"Cene podova — pregled po nameni";1;0;Place,PostalAddress,ImageObject,WebSite,BreadcrumbList,ListItem,WebPage,Person,Article;123;118;157;"Cene podova — industrijski, terase, parking i garaže";"Okvirne cene podova po m²: industrijski Ecotile, gumene podloge za terase, Geoplast resetke za parking i podovi za garaze. Ponuda za 1 radni dan.";183939;0.67;
http://localhost/antasline/sportske-podloge/opremazasportsketerene/reflektori-za-sportske-terene/;page-sitemap.xml;200;;1;"LED reflektori za sportske terene i mala igrališta";1;0;Place,PostalAddress,ImageObject,WebSite,BreadcrumbList,ListItem,WebPage,Person,Article;123;118;151;"LED reflektori za sportske terene i mini igrališta | Antasline";"LED reflektori za sportske terene i mala igralista. Mobilni reflektori sa baterijom i punjacem.";185694;0.65;
http://localhost/antasline/planer-terena/;page-sitemap.xml;200;;1;"Planer terena";2;0;Place,PostalAddress,ImageObject,WebSite,BreadcrumbList,ListItem,WebPage,Person,Article,FAQPage,Question,Answer;123;118;150;"Planer terena — isprojektujte Bergo sportski pod | AntasLine";"Nacrtajte svoj sportski teren u Bergo pločama, izaberite boje i odmah vidite koliko vam ploča i m² treba. Besplatan alat, bez obaveze.";190330;0.8;
http://localhost/antasline/vestacka-trava/;page-sitemap.xml;200;;1;"Veštačka trava za spoljašnju i unutrašnju upotrebu";1;0;Place,PostalAddress,ImageObject,WebSite,BreadcrumbList,ListItem,WebPage,Person,Article;130;118;158;"Veštačka trava za terase i bašte | Antas Line";;193220;1.55;
http://localhost/antasline/vestacka-trava-za-fudbal/;page-sitemap.xml;200;;1;"Veštačka trava za fudbal i ostale sportove";1;0;Place,PostalAddress,ImageObject,WebSite,BreadcrumbList,ListItem,WebPage,Person,Article;130;118;157;"Veštačka trava za fudbal | Antas Line";;194828;1.6;
http://localhost/antasline/hvala-za-poruku/;page-sitemap.xml;200;;1;"Hvala za poruku";1;0;Place,PostalAddress,ImageObject,WebSite,BreadcrumbList,ListItem,WebPage,Person,Article;123;118;152;"Hvala za vašu poruku – Antasline";"Zahvaljujemo što ste nas kontaktirali. Odgovorićemo brzo.";176545;0.81;
http://localhost/antasline/katalog/;page-sitemap.xml;200;;1;Katalog;2;0;Place,PostalAddress,LocalBusiness,ImageObject,WebSite,BreadcrumbList,ListItem,CollectionPage;142;118;315;"Katalog | Antas Line";"Proizvodi Archive | Antas Line";282486;0.95;
http://localhost/antasline/industrijski-podovi/bumperi-zastita-za-police-regale-i-zidove/;page-sitemap.xml;200;;1;"Bumperi — zaštita za police, regale i zidove";2;0;Place,PostalAddress,ImageObject,WebSite,BreadcrumbList,ListItem,WebPage,Person,Article,FAQPage,Question,Answer;147;118;211;"Odbojnici za zidove, regale ili police - Bumperi | Antasline";"Gumeni bumperi - odbojnici za zaštitu polica, zidova i greda. Samolepljivi, jednostavni za montažu, idealni za magacine i industrijske prostore.";251070;0.91;
http://localhost/antasline/politika-kolacica/;page-sitemap.xml;200;;1;"Politika kolačića (Cookie Policy)";1;0;Place,PostalAddress,ImageObject,WebSite,BreadcrumbList,ListItem,WebPage,Person,Article;123;118;158;"Politika kolačića | AntasLine";"Politika kolačića sajta AntasLine — koje kolačiće koristimo (neophodni, analitički, marketinški, funkcionalni), kako dajete i menjate saglasnost i kako ih blokirate u pregledaču.";185132;0.76;
http://localhost/antasline/kontakt/;page-sitemap.xml;200;;1;"Kontaktirajte AntasLine";1;0;Place,PostalAddress,ImageObject,WebSite,BreadcrumbList,ListItem,WebPage,Person,Article;123;118;149;"Kontaktirajte AntasLine — Industrijski podovi Beograd";"Kontakt AntasLine: Ulcinjska 13, Beograd. Telefon 069 234 00 72. Dostupni ponedeljak-petak 08:00-17:00.";182451;0.91;
http://localhost/antasline/proizvod/zglobni-obruc-za-kos/;product-sitemap.xml;200;;1;"Zglobni obruč za koš";2;0;Place,PostalAddress,ImageObject,WebSite,BreadcrumbList,ListItem,ItemPage,Product,PropertyValue,FAQPage,Question,Answer;140;118;197;"Zglobni obruč za koš – FIBA standard | AntasLine";"Zglobni obruč za koš sa 3 opruge — čelik visoke čvrstoće, prečnik 45 cm, FIBA standard. Za škole, hale i dvorišne terene. Cena na upit.";249153;0.97;
http://localhost/antasline/proizvod/bergo-xl-ploca/;product-sitemap.xml;200;;1;"Bergo XL – podna ploča za terase i balkone";2;0;Place,PostalAddress,ImageObject,WebSite,BreadcrumbList,ListItem,ItemPage,Product,Offer,Organization,PropertyValue,FAQPage,Question,Answer;143;118;202;"Bergo XL – ploča za terase i balkone | AntasLine";"Bergo XL podna ploča 377×377 mm za terase, balkone i garaže — 7 boja, drenaža bez bara, klik montaža bez lepka, garancija 10 godina. Cena na upit.";323636;0.97;
http://localhost/antasline/proizvod/bergo-elite-ploca/;product-sitemap.xml;200;;1;"Bergo Elite – podna ploča za terase";2;0;Place,PostalAddress,ImageObject,WebSite,BreadcrumbList,ListItem,ItemPage,Product,Offer,Organization,PropertyValue,FAQPage,Question,Answer;143;118;200;"Bergo Elite – pokrivena ploča za terase | AntasLine";"Bergo Elite ploča sa zatvorenom površinom za terase i balkone — 6 boja (uklj. Marble Grey), klik montaža bez lepka, garancija 10 godina. Cena na upit.";318018;0.99;
http://localhost/antasline/proizvod/ecotile-e500-t-joint-rampa/;product-sitemap.xml;200;;1;"Ecotile E500 T-Joint rampa 500×90 mm";2;0;Place,PostalAddress,ImageObject,WebSite,BreadcrumbList,ListItem,ItemPage,Product,Offer,Organization,FAQPage,Question,Answer;128;118;173;"Ecotile E500 T-Joint rampa 500×90 mm | AntasLine";"Kratak odgovor: Ecotile E500 T-Joint rampa je prelazni profil (500×90 mm, 7,44 mm) za bezbedan, neupadljiv prelaz sa poda na Ecotile E500/7 ploča Cena na upit — 069 234 00 72.";270837;0.74;
http://localhost/antasline/proizvod/ecotile-e500-t-joint-ugaona-rampa/;product-sitemap.xml;200;;1;"Ecotile E500 T-Joint ugaona rampa";2;0;Place,PostalAddress,ImageObject,WebSite,BreadcrumbList,ListItem,ItemPage,Product,Offer,Organization,FAQPage,Question,Answer;128;118;173;"Ecotile E500 T-Joint ugaona rampa | AntasLine";"Kratak odgovor: Ecotile E500 T-Joint ugaona rampa je spoljna ugaona verzija T-Joint prelaznog profila (500×90 mm, 7,44 mm) za zaokruživanje uglov Cena na upit — 069 234 00 72.";245608;0.72;
http://localhost/antasline/proizvod/ecotile-x500-x-joint-rampa/;product-sitemap.xml;200;;1;"Ecotile X500 X-Joint rampa 497×90 mm";2;0;Place,PostalAddress,ImageObject,WebSite,BreadcrumbList,ListItem,ItemPage,Product,Offer,Organization,FAQPage,Question,Answer;128;118;173;"Ecotile X500 X-Joint rampa 497×90 mm | AntasLine";"Kratak odgovor: Ecotile X500 X-Joint rampa je prelazni profil (497×90 mm, 7,44 mm, mikroteksturirana površina) za Ecotile ESD X-Joint pločama i o Cena na upit — 069 234 00 72.";255035;0.87;
http://localhost/antasline/proizvod/bergo-unique/;product-sitemap.xml;200;;1;"Bergo Unique";2;0;Place,PostalAddress,ImageObject,WebSite,BreadcrumbList,ListItem,ItemPage,Product,Offer,Organization,PropertyValue,FAQPage,Question,Answer;146;118;204;"Bergo Unique – perforirana ploča za terase | AntasLine";"Bergo Unique PP ploča 377×377 mm za terase i bašte lokala — drenaža bez bara, klik montaža bez lepka, 4 standardne boje, garancija 10 godina. Cena na upit.";309197;1.01;
http://localhost/antasline/proizvod/ecotile-x500-x-joint-ugaona-rampa/;product-sitemap.xml;200;;1;"Ecotile X500 X-Joint ugaona rampa";2;0;Place,PostalAddress,ImageObject,WebSite,BreadcrumbList,ListItem,ItemPage,Product,Offer,Organization,FAQPage,Question,Answer;128;118;173;"Ecotile X500 X-Joint ugaona rampa | AntasLine";"Kratak odgovor: Ecotile X500 X-Joint ugaona rampa je spoljna ugaona verzija X-Joint prelaznog profila (497×90 mm, 7,44 mm) za zaokruživanje uglov Cena na upit — 069 234 00 72.";239682;1.02;
http://localhost/antasline/proizvod/ecotile-e500-7-industrijska-interlocking-ploca-500x500-mm/;product-sitemap.xml;200;;1;"Ecotile E500/7 Industrijska interlocking ploča 500×500 mm";2;0;Place,PostalAddress,ImageObject,WebSite,BreadcrumbList,ListItem,ItemPage,Product,Offer,Organization,PropertyValue,FAQPage,Question,Answer;152;118;216;"Ecotile E500/7 – industrijska PVC ploča 500×500 | AntasLine";"Ecotile E500/7 interlocking PVC ploča 7 mm za hale, skladišta i garaže. Montaža bez lepka preko postojećeg poda, R10, Bfl-S1, garancija 10 godina.";395388;0.94;
http://localhost/antasline/proizvod/ecotile-e500-10-ultra-heavy-duty-interlocking-podna-ploca/;product-sitemap.xml;200;;1;"Ecotile E500/10 – Ultra Heavy Duty Podovi za kretanje kamiona i viljuškara";2;0;Place,PostalAddress,ImageObject,WebSite,BreadcrumbList,ListItem,ItemPage,Product,Offer,Organization,PropertyValue,FAQPage,Question,Answer;151;118;210;"Ecotile E500/10 – Heavy Duty pod za kamione | AntasLine";"Ecotile E500/10 ploča 10 mm od virgin vinila za najteža opterećenja — kamioni, viljuškari, hangari. R10, Bfl-S1, otpornost na udar 550 kg/cm². Cena na upit.";314714;0.9;
http://localhost/antasline/proizvod/mosolut-heavy/;product-sitemap.xml;200;;1;"Mosolut Heavy";2;0;Place,PostalAddress,ImageObject,WebSite,BreadcrumbList,ListItem,ItemPage,Product,Offer,Organization,PropertyValue,FAQPage,Question,Answer;148;118;207;"Mosolut Heavy – robusne PVC ploče za štale i hale | AntasLine";"Mosolut Heavy dvostrane ploče od recikliranog PVC-a (1200×800×23 mm) za štale, hale, garaže i gradilišta. Postavka na travu, kaldrmu i šljunak. Bfl-s1.";264953;0.87;
http://localhost/antasline/proizvod/expona-design-lvt-vinil-plocice/;product-sitemap.xml;200;;1;"EXPONA Design — LVT vinil pločice za lepljenje";2;0;Place,PostalAddress,ImageObject,WebSite,BreadcrumbList,ListItem,ItemPage,Product,PropertyValue,FAQPage,Question,Answer;148;118;197;"EXPONA Design — LVT pločice za lepljenje | AntasLine";"EXPONA Design LVT vinil pločice, sloj za habanje 0,7 mm, punopovršinsko lepljenje. Cena na upit, pozovite 072.";259774;0.81;
http://localhost/antasline/proizvod/tribina-montazno-demontazna/;product-sitemap.xml;200;;1;"Tribina montažno-demontažna";2;0;Place,PostalAddress,ImageObject,WebSite,BreadcrumbList,ListItem,ItemPage,Product,FAQPage,Question,Answer;134;118;191;"Tribina montažno-demontažna | AntasLine";"Kratak odgovor: Montažno-demontažna tribina je modularna metalna konstrukcija sa sedištima koja se sklapa i rasklapa po potrebi — za sportske ter Cena na upit — 069 234 00 72.";238771;0.82;
http://localhost/antasline/proizvod/stolica-za-tribine/;product-sitemap.xml;200;;1;"Stolica za tribine";2;0;Place,PostalAddress,ImageObject,WebSite,BreadcrumbList,ListItem,ItemPage,Product,FAQPage,Question,Answer;134;118;190;"Stolica za tribine (6 boja) | AntasLine";"Pojedinačno sedište za sportske tribine, 6 boja. Cena na upit — 069 234 00 72.";250362;0.82;
http://localhost/antasline/proizvod/go-za-mali-fudbal/;product-sitemap.xml;200;;1;"Go za mali fudbal";2;0;Place,PostalAddress,ImageObject,WebSite,BreadcrumbList,ListItem,ItemPage,Product,FAQPage,Question,Answer;136;118;192;"Go za mali fudbal | AntasLine";"Kratak odgovor: Prenosivi ili fiksni go za mali fudbal (futsal) standardnih dimenzija, za školske, klupske i rekreativne terene. Cena na upit — 069 234 00 72.";240272;0.74;
http://localhost/antasline/proizvod/golovi-za-rukomet-i-futsal/;product-sitemap.xml;200;;1;"Golovi za rukomet i futsal";2;0;Place,PostalAddress,ImageObject,WebSite,BreadcrumbList,ListItem,ItemPage,Product,FAQPage,Question,Answer;134;118;191;"Golovi za rukomet i futsal | AntasLine";"Kratak odgovor: Golovi standardnih dimenzija za rukomet i futsal (mali fudbal), za multifunkcionalne sportske terene u školama, klubovima i sport Cena na upit — 069 234 00 72.";240234;0.82;
http://localhost/antasline/proizvod/zastitna-mreza-za-sportske-terene/;product-sitemap.xml;200;;1;"Zaštitna mreža za sportske terene";2;0;Place,PostalAddress,ImageObject,WebSite,BreadcrumbList,ListItem,ItemPage,Product,FAQPage,Question,Answer;135;118;191;"Zaštitna mreža za sportske terene | AntasLine";"Kratak odgovor: Zaštitna mreža za ogradu sportskog terena, koja se prodaje po kvadratnom metru — sprečava izlazak lopte sa terena i pruža osnovnu Cena na upit — 069 234 00 72.";241723;0.94;
http://localhost/antasline/proizvod/mreza-za-tenis/;product-sitemap.xml;200;;1;"Mreža za tenis";2;0;Place,PostalAddress,ImageObject,WebSite,BreadcrumbList,ListItem,ItemPage,Product,FAQPage,Question,Answer;136;118;192;"Mreža za tenis | AntasLine";"Kratak odgovor: Teniska mreža standardnih takmičarskih dimenzija, za teniske terene u klubovima, školama i rekreativnim objektima. Cena na upit — 069 234 00 72.";240306;0.83;
http://localhost/antasline/proizvod/mreza-za-padel/;product-sitemap.xml;200;;1;"Mreža za padel";2;0;Place,PostalAddress,ImageObject,WebSite,BreadcrumbList,ListItem,ItemPage,Product,FAQPage,Question,Answer;135;118;192;"Mreža za padel | AntasLine";"Kratak odgovor: Padel mreža standardnih takmičarskih dimenzija, za padel terene u klubovima i sportskim centrima. Cena na upit — 069 234 00 72.";239236;0.79;
http://localhost/antasline/proizvod/mrezica-za-kos/;product-sitemap.xml;200;;1;"Mrežica za koš";2;0;Place,PostalAddress,ImageObject,WebSite,BreadcrumbList,ListItem,ItemPage,Product,FAQPage,Question,Answer;135;118;192;"Mrežica za koš | AntasLine";"Kratak odgovor: Standardna mrežica za košarkaški obruč, kompatibilna sa svim standardnim obručima (uklj. Hoopair/Goalrilla/Goaliath konstrukcijam Cena na upit — 069 234 00 72.";239378;0.84;
http://localhost/antasline/proizvod/goaliath-gotek-54-kos-za-kosarku/;product-sitemap.xml;200;;1;"Goaliath Gotek 54 koš za košarku";2;0;Place,PostalAddress,ImageObject,WebSite,BreadcrumbList,ListItem,ItemPage,Product,Offer,Organization,FAQPage,Question,Answer;137;118;190;"Goaliath Gotek 54 koš za košarku | AntasLine";"Kratak odgovor: Goaliath Gotek 54 je pristupačniji koš sa polikarbonatnom tablom 137×84 cm, visinski podesiv od 2,3 do 3,05 m (NBA/FIBA usklađeno";243688;0.79;
http://localhost/antasline/proizvod/goalrilla-led-rasvetna-oprema-za-kos/;product-sitemap.xml;200;;1;"Goalrilla LED rasvetna oprema za koš";2;0;Place,PostalAddress,ImageObject,WebSite,BreadcrumbList,ListItem,ItemPage,Product,Offer,Organization,FAQPage,Question,Answer;136;118;191;"Goalrilla LED rasvetna oprema za koš | AntasLine";"Kratak odgovor: Goalrilla LED je solarna LED rasveta za košarkaški koš (4.000 lumena) koja omogućava igru u ranim jutarnjim i večernjim satima, b";243253;0.82;
http://localhost/antasline/proizvod/goaliath-gb60-kos-za-kosarku/;product-sitemap.xml;200;;1;"Goaliath GB60 koš za košarku";2;0;Place,PostalAddress,ImageObject,WebSite,BreadcrumbList,ListItem,ItemPage,Product,Offer,Organization,FAQPage,Question,Answer;135;118;192;"Goaliath GB60 koš za košarku | AntasLine";"Kratak odgovor: Goaliath GB60 je koš sa tablom 152×84 cm od kaljenog stakla (0,79 cm), visinski podesiv od 2,3 do 3,05 m (NBA/FIBA usklađeno) — z";241454;0.77;
http://localhost/antasline/proizvod/goalrilla-cv72-kos-za-kosarku/;product-sitemap.xml;200;;1;"Goalrilla CV72 koš za košarku (Clear View)";2;0;Place,PostalAddress,ImageObject,WebSite,BreadcrumbList,ListItem,ItemPage,Product,Offer,Organization,FAQPage,Question,Answer;146;118;197;"Goalrilla CV72 koš za košarku (Clear View) | AntasLine";"Kratak odgovor: Goalrilla CV72 koristi Clear View tehnologiju — ruke table se vezuju za IVICE umesto centra, pa je pogled kroz staklo potpuno nes";257119;0.91;
http://localhost/antasline/proizvod/goalrilla-dc72e1-profesionalni-kos/;product-sitemap.xml;200;;1;"Goalrilla DC72E1 profesionalni koš za košarku";2;0;Place,PostalAddress,ImageObject,WebSite,BreadcrumbList,ListItem,ItemPage,Product,Offer,Organization,FAQPage,Question,Answer;145;118;195;"Goalrilla DC72E1 profesionalni koš za košarku | AntasLine";"Kratak odgovor: Goalrilla DC72E1 je vrhunski koš sa Direct Connect sistemom — vertikalne sile se prenose kroz direktnu vezu na čelični nosač umes";255759;0.76;
http://localhost/antasline/proizvod/hoopair-d54f-kos-za-kosarku/;product-sitemap.xml;200;;1;"Hoopair D54-F koš za košarku sa ankerima";2;0;Place,PostalAddress,ImageObject,WebSite,BreadcrumbList,ListItem,ItemPage,Product,Offer,Organization,FAQPage,Question,Answer;147;118;196;"Hoopair D54-F koš za košarku sa ankerima | AntasLine";"Kratak odgovor: Hoopair D54-F je koš za fiksiranje u zemlju (ankerima), sa tablom 140×90 cm od kaljenog stakla (10 mm), stub 120×120 mm, visinski";258376;1.05;
http://localhost/antasline/proizvod/hoopair-d60-kos-za-kosarku/;product-sitemap.xml;200;;1;"Hoopair D60 koš za košarku";2;0;Place,PostalAddress,ImageObject,WebSite,BreadcrumbList,ListItem,ItemPage,Product,Offer,Organization,FAQPage,Question,Answer;148;118;198;"Hoopair D60 koš za košarku | AntasLine";"Kratak odgovor: Hoopair D60 je fiksni košarkaški koš sa tablom 152,4×91,4 cm od kaljenog stakla (1,2 cm), stub 150×150 mm, visinski podesiv od 1,";259509;0.96;
http://localhost/antasline/proizvod/hoopair-d72-profesionalni-kos/;product-sitemap.xml;200;;1;"Hoopair D72 profesionalni koš za košarku";2;0;Place,PostalAddress,ImageObject,WebSite,BreadcrumbList,ListItem,ItemPage,Product,Offer,Organization,FAQPage,Question,Answer;148;118;197;"Hoopair D72 profesionalni koš za košarku | AntasLine";"Kratak odgovor: Hoopair D72 je profesionalni fiksni košarkaški koš sa tablom pune veličine 183×107 cm od kaljenog stakla (12 mm), visinski podesi";259950;0.84;
http://localhost/antasline/proizvod/r-tile-urban-vinil-plocice/;product-sitemap.xml;200;;1;"R-Tile Urban vinil pločice";2;0;Place,PostalAddress,ImageObject,WebSite,BreadcrumbList,ListItem,ItemPage,Product,FAQPage,Question,Answer;144;118;193;"R-Tile Urban vinil pločice (6,5mm) | AntasLine";"R-Tile Urban — 6,5mm reciklirani PVC, interlocking bez lepka, izgled betona/teraca. Za komercijalne prostore. Cena na upit — 069 234 00 72.";249449;1.17;
http://localhost/antasline/proizvod/r-tile-design-vinil-plocice/;product-sitemap.xml;200;;1;"R-Tile Design vinil pločice";2;0;Place,PostalAddress,ImageObject,WebSite,BreadcrumbList,ListItem,ItemPage,Product,FAQPage,Question,Answer;140;118;190;"R-Tile Design vinil pločice — kamen/drvo dekor | AntasLine";"R-Tile Design — mat PU sloj, skriveni interlocking, 12 dekora (kamen/drvo). Ugradnja bez lepka. Cena na upit — 069 234 00 72.";243437;1.03;
http://localhost/antasline/proizvod/permastripe-traka-za-obelezavanje/;product-sitemap.xml;200;;1;"PermaStripe traka za obeležavanje poda";2;0;Place,PostalAddress,ImageObject,WebSite,BreadcrumbList,ListItem,ItemPage,Product,FAQPage,Question,Answer;136;118;184;"PermaStripe traka za obeležavanje poda | AntasLine";"Samolepljiva traka za obeležavanje podova, 50/100mm, 6 boja uklj. hazard. Bez lepljenja tragova. Cena na upit — 069 234 00 72.";274606;0.78;
http://localhost/antasline/proizvod/suregrip-stepenisni-protivklizni-profil/;product-sitemap.xml;200;;1;"SureGrip stepenišni protivklizni profil";2;0;Place,PostalAddress,ImageObject,WebSite,BreadcrumbList,ListItem,ItemPage,Product,FAQPage,Question,Answer;128;118;172;"SureGrip protivklizni stepenišni profil (GRP) | AntasLine";"SureGrip GRP protivklizni profil za ivice stepenica, 4mm, crna/žuta/bela, DDA usklađen. Cena na upit — 069 234 00 72.";224597;0.75;
http://localhost/antasline/proizvod/expona-living-clic-lvt-klik-daska/;product-sitemap.xml;200;;1;"EXPONA Living Clic — rigidna LVT klik daska";2;0;Place,PostalAddress,ImageObject,WebSite,BreadcrumbList,ListItem,ItemPage,Product,PropertyValue,FAQPage,Question,Answer;144;118;194;"EXPONA Living Clic — klik LVT daska | AntasLine";"EXPONA Living Clic — rigidna klik LVT daska, 5G Välinge, IXPE akustika, 100% vodootporna. Cena na upit, pozovite 072.";250064;0.86;
http://localhost/antasline/proizvod/expona-clic-19db-wood-klik-daska/;product-sitemap.xml;200;;1;"EXPONA Clic 19dB Wood — rigidna LVT klik daska";2;0;Place,PostalAddress,ImageObject,WebSite,BreadcrumbList,ListItem,ItemPage,Product,PropertyValue,FAQPage,Question,Answer;172;118;209;"EXPONA Clic 19dB Wood — klik LVT daska | AntasLine";"EXPONA Clic 19dB Wood — rigidna klik LVT daska, 5G Välinge, IXPE akustika, 100% vodootporna. Cena na upit, pozovite 072.";291878;1.09;
http://localhost/antasline/proizvod/expona-simplay-19db-loose-lay-lvt/;product-sitemap.xml;200;;1;"EXPONA Simplay 19dB — samopolažuća LVT pločica (loose-lay)";2;0;Place,PostalAddress,ImageObject,WebSite,BreadcrumbList,ListItem,ItemPage,Product,PropertyValue,FAQPage,Question,Answer;146;118;196;"EXPONA Simplay 19dB — loose-lay LVT bez lepka | AntasLine";"EXPONA Simplay 19dB — samopolažuća LVT pločica, bez lepka, IXPE podloga smanjuje udarni zvuk 19 dB. Cena na upit, pozovite 072.";256133;0.91;
http://localhost/antasline/proizvod/expona-flow-lvt-vinil-podovi-u-rolnama/;product-sitemap.xml;200;;1;"EXPONA Flow — LVT vinil podovi u rolnama";2;0;Place,PostalAddress,ImageObject,WebSite,BreadcrumbList,ListItem,ItemPage,Product,PropertyValue,FAQPage,Question,Answer;146;118;196;"EXPONA Flow — LVT vinil podovi u rolnama | AntasLine";"EXPONA Flow — vinil podovi u rolnama, 50 dezena, R10, za jako opterećenje. Pogodno za podno grejanje. Cena na upit, pozovite 072.";257591;0.91;
http://localhost/antasline/proizvod/expona-commercial-lvt-vinil-plocice/;product-sitemap.xml;200;;1;"EXPONA Commercial — LVT vinil pločice za lepljenje";2;0;Place,PostalAddress,ImageObject,WebSite,BreadcrumbList,ListItem,ItemPage,Product,PropertyValue,FAQPage,Question,Answer;172;118;211;"EXPONA Commercial — LVT pločice za lepljenje | AntasLine";"EXPONA Commercial LVT vinil pločice za lepljenje — 80 dezena, R10, antistatik, pogodno za podno grejanje do 27°C. Cena na upit, pozovite 072.";294774;1.05;
http://localhost/antasline/proizvod/geoplast-geogravel/;product-sitemap.xml;200;;1;"Geoplast Geogravel travna rešetka za šljunčani parking";2;0;Place,PostalAddress,ImageObject,WebSite,BreadcrumbList,ListItem,ItemPage,Product,Offer,Organization,PropertyValue,FAQPage,Question,Answer;140;118;184;"Geoplast Geogravel travna rešetka za šljunčani parking | Ant";"Kratak odgovor: Geoplast Geogravel je rešetka za šljunčani parking i pristupne puteve, nosivosti do 400 t/m², sa 61% propusnosti vode — ćelije se";246596;0.86;
http://localhost/antasline/proizvod/geoplast-geoflor/;product-sitemap.xml;200;;1;"Geoplast Geoflor travna rešetka za zeleni parking";2;0;Place,PostalAddress,ImageObject,WebSite,BreadcrumbList,ListItem,ItemPage,Product,Offer,Organization,FAQPage,Question,Answer;140;118;184;"Geoplast Geoflor travna rešetka za zeleni parking | AntasLin";"Kratak odgovor: Geoplast Geoflor je rešetka za zeleni parking i javne površine, sa širim ćelijama koje podstiču razvoj korena trave — direktna in";245156;0.79;
http://localhost/antasline/proizvod/geoplast-geograss/;product-sitemap.xml;200;;1;"Geoplast Geograss travna rešetka";2;0;Place,PostalAddress,ImageObject,WebSite,BreadcrumbList,ListItem,ItemPage,Product,PropertyValue,FAQPage,Question,Answer;134;118;181;"Geoplast Geograss travna rešetka | AntasLine";"Kratak odgovor: Geoplast Geograss je reciklirana plastična rešetka koja se postavlja pre polaganja busena ili sejanja trave, nosivosti do 280 t/m Cena na upit — 069 234 00 72.";236414;1.01;
http://localhost/antasline/proizvod/geoplast-geocross/;product-sitemap.xml;200;;1;"Geoplast Geocross travna rešetka za teška opterećenja";2;0;Place,PostalAddress,ImageObject,WebSite,BreadcrumbList,ListItem,ItemPage,Product,Offer,Organization,PropertyValue,FAQPage,Question,Answer;142;118;185;"Geoplast Geocross travna rešetka za teška opterećenja | Anta";"Kratak odgovor: Geoplast Geocross je travna rešetka za najteža opterećenja (100 t/m²), namenjena stazama i površinama za teška vozila — postavlja Cena na upit — 069 234 00 72.";250252;0.88;
http://localhost/antasline/proizvod/geoplast-salvaverde-type-a/;product-sitemap.xml;200;;1;"Geoplast Salvaverde Type A travna rešetka";2;0;Place,PostalAddress,ImageObject,WebSite,BreadcrumbList,ListItem,ItemPage,Product,PropertyValue,FAQPage,Question,Answer;134;118;181;"Geoplast Salvaverde Type A travna rešetka | AntasLine";"Kratak odgovor: Geoplast Salvaverde Type A je travna rešetka od recikliranog HDPE (50×50×4 cm), nosivosti 350 t/m² i propustljivosti 95%, za ozel Cena na upit — 069 234 00 72.";236654;0.79;
http://localhost/antasline/proizvod/geoplast-salvaverde-type-b/;product-sitemap.xml;200;;1;"Geoplast Salvaverde Type B travna rešetka";2;0;Place,PostalAddress,ImageObject,WebSite,BreadcrumbList,ListItem,ItemPage,Product,PropertyValue,FAQPage,Question,Answer;134;118;181;"Geoplast Salvaverde Type B travna rešetka | AntasLine";"Kratak odgovor: Geoplast Salvaverde Type B je travna rešetka od recikliranog HDPE (58×58×4 cm), nosivosti 350 t/m² i propustljivosti 95% — veća v Cena na upit — 069 234 00 72.";236935;0.75;
http://localhost/antasline/proizvod/geoplast-runfloor/;product-sitemap.xml;200;;1;"Geoplast Runfloor travna rešetka za parking";2;0;Place,PostalAddress,ImageObject,WebSite,BreadcrumbList,ListItem,ItemPage,Product,Offer,Organization,PropertyValue,FAQPage,Question,Answer;140;118;184;"Geoplast Runfloor travna rešetka za parking | AntasLine";"Geoplast Runfloor — travna rešetka za parking, nosivost do 600 t/m², propusnost 90%. Cena 2.800–3.400 din/m². 069 234 00 72.";246184;0.87;
http://localhost/antasline/proizvod/radici-tournament-20/;product-sitemap.xml;200;;1;"Radici Tournament 20 veštačka trava za tenis i padel";2;0;Place,PostalAddress,ImageObject,WebSite,BreadcrumbList,ListItem,ItemPage,Product,FAQPage,Question,Answer;137;118;192;"Radici Tournament 20 veštačka trava za tenis i padel | Antas";"Kratak odgovor: Radici Tournament 20 je italijanska veštačka trava namenjena tenisu, padelu i multisportu, testirana prema tehničkim zahtevima Me Cena na upit — 069 234 00 72.";266632;0.82;
http://localhost/antasline/proizvod/radici-vestacka-trava-za-rugbi/;product-sitemap.xml;200;;1;"Radici veštačka trava za rugbi";2;0;Place,PostalAddress,ImageObject,WebSite,BreadcrumbList,ListItem,ItemPage,Product,FAQPage,Question,Answer;133;118;189;"Radici veštačka trava za rugbi | AntasLine";"Kratak odgovor: Radici Sport nudi veštačku travu za rugbi terene sertifikovanu od strane World Rugby, projektovanu da izdrži intenzivne zahteve i Cena na upit — 069 234 00 72.";235434;1.4;
http://localhost/antasline/proizvod/radici-vestacka-trava-za-golf/;product-sitemap.xml;200;;1;"Radici veštačka trava za golf";2;0;Place,PostalAddress,ImageObject,WebSite,BreadcrumbList,ListItem,ItemPage,Product,FAQPage,Question,Answer;135;118;189;"Radici veštačka trava za golf | AntasLine";"Kratak odgovor: Radici Sport nudi veštačku travu namenjenu golf terenima i vežbalištima (putting green, tee), sa fokusom na izgled i trajnost. Cena na upit — 069 234 00 72.";236624;1.06;
http://localhost/antasline/proizvod/radici-vestacka-trava-za-hokej/;product-sitemap.xml;200;;1;"Radici veštačka trava za hokej";2;0;Place,PostalAddress,ImageObject,WebSite,BreadcrumbList,ListItem,ItemPage,Product,FAQPage,Question,Answer;135;118;190;"Radici veštačka trava za hokej | AntasLine";"Kratak odgovor: Radici Sport nudi veštačku travu za terene za hokej na travi, razvijenu za konzistentne performanse i dugotrajnu izdržljivost. Cena na upit — 069 234 00 72.";237485;0.79;
http://localhost/antasline/proizvod/radici-multisport-mx/;product-sitemap.xml;200;;1;"Radici Multisport MX veštačka trava";2;0;Place,PostalAddress,ImageObject,WebSite,BreadcrumbList,ListItem,ItemPage,Product,FAQPage,Question,Answer;135;118;192;"Radici Multisport MX veštačka trava | AntasLine";"Kratak odgovor: Radici Multisport MX je svestrana veštačka trava pogodna za više sportskih disciplina na istom terenu, sa fokusom na otpornost i Cena na upit — 069 234 00 72.";255223;0.76;
http://localhost/antasline/proizvod/radici-vestacka-trava-za-pejzaz/;product-sitemap.xml;200;;1;"Radici veštačka trava za pejzažne površine";2;0;Place,PostalAddress,ImageObject,WebSite,BreadcrumbList,ListItem,ItemPage,Product,FAQPage,Question,Answer;135;118;189;"Radici veštačka trava za pejzažne površine | AntasLine";"Kratak odgovor: Radici Sport Landscape linija je veštačka trava namenjena stambenim, pejzažnim i urbanim površinama — dvorištima, terasama i javn Cena na upit — 069 234 00 72.";236401;0.84;
http://localhost/antasline/proizvod/radici-ultramix-evo-ni/;product-sitemap.xml;200;;1;"Radici ULTRAMIX EVO N.I. veštačka trava za mali fudbal";2;0;Place,PostalAddress,ImageObject,WebSite,BreadcrumbList,ListItem,ItemPage,Product,FAQPage,Question,Answer;134;118;190;"Radici ULTRAMIX EVO N.I. veštačka trava za mali fudbal | Ant";"Kratak odgovor: Radici ULTRAMIX EVO N.I. je italijanska veštačka trava za mali fudbal (FIFA/FIGC standard), 100% bez ispune (no-infill) i bez šok Cena na upit — 069 234 00 72.";237921;0.75;
http://localhost/antasline/proizvod/condor-schools-trava-u-boji/;product-sitemap.xml;200;;1;"Condor Schools trava u boji";2;0;Place,PostalAddress,ImageObject,WebSite,BreadcrumbList,ListItem,ItemPage,Product,FAQPage,Question,Answer;132;118;190;"Condor Schools trava u boji | AntasLine";"Condor Schools — veštačka trava u boji za školska igrališta i rekreativne površine, otporna na intenzivnu upotrebu. Cena na upit — 069 234 00 72.";290651;0.77;
http://localhost/antasline/proizvod/condor-playgrass/;product-sitemap.xml;200;;1;"Condor Playgrass";2;0;Place,PostalAddress,ImageObject,WebSite,BreadcrumbList,ListItem,ItemPage,Product,FAQPage,Question,Answer;132;118;190;"Condor Playgrass | AntasLine";"Condor Playgrass — veštačka trava u boji za dečja igrališta i rekreativne površine, 7 boja. Cena na upit — 069 234 00 72.";285801;0.79;
http://localhost/antasline/proizvod/condor-shock-pad-podloga/;product-sitemap.xml;200;;1;"Condor shock-pad podloga";2;0;Place,PostalAddress,ImageObject,WebSite,BreadcrumbList,ListItem,ItemPage,Product,FAQPage,Question,Answer;132;118;189;"Condor shock-pad podloga za veštačku travu | AntasLine";"Amortizujuća šok-podloga (poliolefin/EPP/PU) ispod veštačke trave za igrališta i sportske površine. Cena na upit — 069 234 00 72.";234455;0.89;
http://localhost/antasline/proizvod/bergo-ultimate-ploca/;product-sitemap.xml;200;;1;"Bergo Ultimate – sportska podna ploča";2;0;Place,PostalAddress,ImageObject,WebSite,BreadcrumbList,ListItem,ItemPage,Product,PropertyValue,FAQPage,Question,Answer;144;118;200;"Bergo Ultimate – FIBA sportska podloga | AntasLine";"Bergo Ultimate sportska ploča 375×375 mm — FIBA Level 1 i 2, EN 14877, ITF. 15 standardnih boja, klik montaža, garancija 15 godina. Cena na upit.";431912;0.89;
http://localhost/antasline/proizvod/bergo-ultimate-plus/;product-sitemap.xml;200;;1;"Bergo Ultimate PLUS – pojačana sportska ploča";2;0;Place,PostalAddress,ImageObject,WebSite,BreadcrumbList,ListItem,ItemPage,Product,PropertyValue,FAQPage,Question,Answer;136;118;195;"Bergo Ultimate PLUS – pojačana FIBA ploča | AntasLine";"Bergo Ultimate PLUS — sportska ploča za teže uslove (inline hokej, rolšue). FIBA sertifikat u svim kategorijama, EN 14877, 13 boja, garancija 15 god. Cena na upit.";314949;0.85;
http://localhost/antasline/proizvod/bergo-ultimate-flow/;product-sitemap.xml;200;;1;"Bergo Ultimate FLOW – podloga za pickleball";2;0;Place,PostalAddress,ImageObject,WebSite,BreadcrumbList,ListItem,ItemPage,Product,PropertyValue,FAQPage,Question,Answer;146;118;201;"Bergo Ultimate FLOW – pickleball podloga | AntasLine";"Bergo Ultimate FLOW — ploča za pickleball sa ugrađenim 50 mm linijama, optimizovan odskok, EN 14877, 13 boja, garancija 15 godina. Cena na upit.";456652;1.05;
http://localhost/antasline/proizvod/bergo-nova/;product-sitemap.xml;200;;1;"Bergo Nova – podna ploča za dom i javne prostore";2;0;Place,PostalAddress,ImageObject,WebSite,BreadcrumbList,ListItem,ItemPage,Product,PropertyValue,FAQPage,Question,Answer;136;118;195;"Bergo Nova – ploča za dom i javne prostore | AntasLine";"Bergo Nova PP ploča 377×377 mm — 5 boja, bez PVC-a, drenaža bez bara, klik montaža. Za balkone, terase i manje javne prostore. Cena na upit.";270693;0.79;
http://localhost/antasline/proizvod/bergo-excellence/;product-sitemap.xml;200;;1;"Bergo Excellence – ploča za brodske palube";2;0;Place,PostalAddress,ImageObject,WebSite,BreadcrumbList,ListItem,ItemPage,Product,PropertyValue,FAQPage,Question,Answer;137;118;190;"Bergo Excellence – ploča za brodske palube | AntasLine";"Bergo Excellence ploča za brodske palube — protivklizna na mokrom, otporna na so i sunce, drenaža bez bara. 5 boja, garancija 10 godina. Cena na upit.";277515;0.86;
http://localhost/antasline/proizvod/bergo-extreme-imo/;product-sitemap.xml;200;;1;"Bergo Extreme IMO – sertifikovana brodska ploča";2;0;Place,PostalAddress,ImageObject,WebSite,BreadcrumbList,ListItem,ItemPage,Product,PropertyValue,FAQPage,Question,Answer;138;118;190;"Bergo Extreme IMO – brodska ploča | AntasLine";"Bergo Extreme IMO — IMO/MED sertifikovana ploča za enterijere brodova i putničke balkone. PA kompozit bez PVC-a, garancija 10 god. Cena na upit.";246511;0.8;
http://localhost/antasline/proizvod/bergo-solid-ploca/;product-sitemap.xml;200;;1;"Bergo Solid – teška podloga za privremene površine";2;0;Place,PostalAddress,ImageObject,WebSite,BreadcrumbList,ListItem,ItemPage,Product,PropertyValue,FAQPage,Question,Answer;145;118;201;"Bergo Solid – podloga za kamione i evente | AntasLine";"Bergo Solid HDPE podloga 630×575×50 mm — nosi kamione i mašine, postavlja se na travu, pesak i led bez pripreme. Prodaja i iznajmljivanje. Cena na upit.";254392;0.84;
http://localhost/antasline/proizvod/bergo-ultimate-plus-greenmatter/;product-sitemap.xml;200;;1;"Bergo Ultimate PLUS by GreenMatter – eko sportska ploča";2;0;Place,PostalAddress,ImageObject,WebSite,BreadcrumbList,ListItem,ItemPage,Product,PropertyValue,FAQPage,Question,Answer;138;118;193;"Bergo GreenMatter – eko sportska ploča | AntasLine";"Bergo Ultimate PLUS by GreenMatter — 50% reciklirane veštačke trave, EN 14877, ITF. Eko izbor za sportske terene. Cena na upit.";248616;0.77;
http://localhost/antasline/proizvod/durastripe-supreme-v-roll-50-mm-x-30-m-ergomat/;product-sitemap.xml;200;;1;"DuraStripe Supreme V – Industrijska traka za podno obeležavanje | Trajna i uklonjiva";2;0;Place,PostalAddress,ImageObject,WebSite,BreadcrumbList,ListItem,ItemPage,Product,PropertyValue,FAQPage,Question,Answer;148;118;207;"DuraStripe Supreme V – traka za podno obeležavanje | AntasLine";"DuraStripe Supreme V — najsvestranija industrijska traka za obeležavanje: jak a uklonjiv lepak, zakošene ivice, 7 boja, širine 50–150 mm. Garancija 2 godine.";264243;0.74;
http://localhost/antasline/proizvod/microshot-125-pokretna-kosarkaska-konstrukcija/;product-sitemap.xml;200;;1;"MicroShot 125 – pokretna košarkaška konstrukcija";2;0;Place,PostalAddress,ImageObject,WebSite,BreadcrumbList,ListItem,ItemPage,Product,PropertyValue,FAQPage,Question,Answer;137;118;196;"MicroShot 125 – pokretni koš za škole | AntasLine";"MicroShot 125 kompaktna pokretna košarkaška konstrukcija — FIBA Level 3, 4 visine obruča (240–305 cm), laminirana tabla 180×105. Cena na upit.";249276;0.83;
http://localhost/antasline/proizvod/mini-shot-225-profesionalna-pokretna-kosarkaska-konstrukcija/;product-sitemap.xml;200;;1;"Mini Shot 225 – profesionalna pokretna košarkaška konstrukcija";2;0;Place,PostalAddress,ImageObject,WebSite,BreadcrumbList,ListItem,ItemPage,Product,PropertyValue,FAQPage,Question,Answer;141;118;198;"Mini Shot 225 – FIBA Level 3 pokretni koš | AntasLine";"Mini Shot 225 pokretna košarkaška konstrukcija — FIBA Level 3, staklena tabla 180×105, tri visine obruča, bez betoniranja. Za škole i centre. Cena na upit.";254011;0.72;
http://localhost/antasline/proizvod/lite-shot-325-profesionalna-pokretna-kosarkaska-konstrukcija/;product-sitemap.xml;200;;1;"Lite Shot 325 – profesionalna pokretna košarkaška konstrukcija";2;0;Place,PostalAddress,ImageObject,WebSite,BreadcrumbList,ListItem,ItemPage,Product,PropertyValue,FAQPage,Question,Answer;141;118;199;"Lite Shot 325 – FIBA Level 1 pokretni koš | AntasLine";"Lite Shot 325 — najlakša profesionalna pokretna košarkaška konstrukcija (~700 kg), FIBA Level 1, EN 1270, staklena tabla 180×105. Bez ankerisanja. Cena na upit.";256242;0.7;
http://localhost/antasline/proizvod/ecotile-7-mm-esd-floor-tiles-industrijsko-esd-podno-resenje/;product-sitemap.xml;200;;1;"Ecotile 7 mm ESD Floor Tiles – industrijsko ESD podno rešenje";2;0;Place,PostalAddress,ImageObject,WebSite,BreadcrumbList,ListItem,ItemPage,Product,PropertyValue,FAQPage,Question,Answer;153;118;212;"Ecotile ESD ploče 7 mm – antistatik pod | AntasLine";"Ecotile ESD interlocking ploče 497×497 mm sa čeličnim vlaknima — disipacija statičkog elektriciteta (≈10⁶ Ω), montaža bez lepka, Bfl-S1. Cena na upit.";270026;0.75;
http://localhost/antasline/proizvod/kosarkaski-kos-na-kolicima-street-sport/;product-sitemap.xml;200;;1;"Košarkaški koš na kolicima „Street Sport“";2;0;Place,PostalAddress,ImageObject,WebSite,BreadcrumbList,ListItem,ItemPage,Product,Offer,Organization,PropertyValue,FAQPage,Question,Answer;139;118;199;"Street Sport – mobilni koš na kolicima | AntasLine";"Street Sport mobilni koš (BASQ0019) — visine 2,60/3,05 m, EN 1270, antikorozivna zaštita za spoljašnje terene, tabla 120×90 cm. Cena na upit.";254125;0.83;
http://localhost/antasline/proizvod/senzor-pokreta-sa-upozoravajucim-svetlom-za-industriju-iqsensor/;product-sitemap.xml;200;;1;"Senzor pokreta sa upozoravajućim svetlom za industriju IQSENSOR";2;0;Place,PostalAddress,ImageObject,WebSite,BreadcrumbList,ListItem,ItemPage,Product,PropertyValue,FAQPage,Question,Answer;140;118;203;"IQSENSOR – PIR senzor pokreta sa LED svetlom | AntasLine";"Ergomat IQSENSOR: direkcioni PIR senzor sa signalnim svetlom za slepe raskrsnice u halama. Magnetna montaža, baterija oko 2 godine, bez kabliranja.";250510;0.73;
http://localhost/antasline/proizvod/bezicni-led-signalni-senzor-za-pesake-dvostrani/;product-sitemap.xml;200;;1;"Bežični LED signalni senzor za pešake – dvostrani";2;0;Place,PostalAddress,ImageObject,WebSite,BreadcrumbList,ListItem,ItemPage,Product,FAQPage,Question,Answer;151;118;208;"Bežični LED senzor za pešake – dvostrani znak | AntasLine";"Bežični LED znak sa senzorom pokreta upozorava viljuškariste na pešake u slepim uglovima hale. RF domet do 300 m, bez kabliranja. Cena na upit.";264075;0.74;
http://localhost/antasline/proizvod/durastripe-cold-storage-roll-50-mm-x-30-m-ergomat/;product-sitemap.xml;200;;1;"DuraStripe Cold Storage Roll 50 mm × 30 m Ergomat";2;0;Place,PostalAddress,ImageObject,WebSite,BreadcrumbList,ListItem,ItemPage,Product,PropertyValue,FAQPage,Question,Answer;149;118;206;"DuraStripe Cold Storage – traka za hladnjače | AntasLine";"DuraStripe Cold Storage traka za obeležavanje sa lepkom za niske temperature do −40 °C — hladnjače, zamrzivači i rashladne komore. Rolna 50 mm × 30 m.";265399;0.72;
http://localhost/antasline/proizvod/durastripe-mean-lean-roll-50-mm-x-30-m-ergomat/;product-sitemap.xml;200;;1;"DuraStripe Mean Lean Roll 50 mm × 30 m Ergomat";2;0;Place,PostalAddress,ImageObject,WebSite,BreadcrumbList,ListItem,ItemPage,Product,PropertyValue,FAQPage,Question,Answer;147;118;205;"DuraStripe Mean Lean – ekonomična traka za 5S obeležavanje";"DuraStripe Mean Lean traka 0,56 mm — ekonomično podno obeležavanje za 5S programe i privremene zone. Peel-and-stick montaža, rolna 50 mm × 30 m.";260209;0.85;
http://localhost/antasline/proizvod/durastripe-xtreme-roll-50-mm-x-30-m-ergomat/;product-sitemap.xml;200;;1;"DuraStripe Xtreme Roll 50 mm × 30 m Ergomat";2;0;Place,PostalAddress,ImageObject,WebSite,BreadcrumbList,ListItem,ItemPage,Product,PropertyValue,FAQPage,Question,Answer;149;118;205;"DuraStripe Xtreme – traka za obeležavanje podova | AntasLine";"DuraStripe Xtreme samolepljiva traka za podno obeležavanje — tvrda površina niskog trenja za glatke podove i saobraćaj viljuškara. Rolna 50 mm × 30 m.";266007;0.77;
http://localhost/antasline/proizvod/durastripe-edge-protector-4x48-cm-ergomat/;product-sitemap.xml;200;;1;"DuraStripe Edge Protector 10×122 cm Ergomat";2;0;Place,PostalAddress,ImageObject,WebSite,BreadcrumbList,ListItem,ItemPage,Product,PropertyValue,FAQPage,Question,Answer;147;118;207;"DuraStripe Edge Protector 10×122 cm | AntasLine";"DuraStripe Edge Protector 10×122 cm — uski samolepljivi PVC štitnik ivica (2,4 mm) za visoke regale, metalne okvire i uske prolaze.";258131;0.77;
http://localhost/antasline/proizvod/durastripe-edge-protector-10x48-cm-ergomat/;product-sitemap.xml;200;;1;"DuraStripe Edge Protector 25×122 cm Ergomat";2;0;Place,PostalAddress,ImageObject,WebSite,BreadcrumbList,ListItem,ItemPage,Product,PropertyValue,FAQPage,Question,Answer;147;118;207;"DuraStripe Edge Protector 25×122 cm | AntasLine";"DuraStripe Edge Protector 25×122 cm — debeli samolepljivi PVC štitnik ivica (2,4 mm) za vrata, stubove i mašine u logistici i hladnjačama.";258363;0.7;
http://localhost/antasline/proizvod/ergo-t-slot-snap-in-bumper-ergomat/;product-sitemap.xml;200;;1;"Ergo T-Slot Snap-In Bumper Ergomat";2;0;Place,PostalAddress,ImageObject,WebSite,BreadcrumbList,ListItem,ItemPage,Product,PropertyValue,FAQPage,Question,Answer;145;118;205;"T-Slot Snap-In Bumper – zaštita za profile | AntasLine";"Ergomat T-Slot Snap-In gumeni štitnik — ubacuje se u standardne 40 mm aluminijumske T-slot profile bez lepljenja, premešta se u sekundi.";254277;0.85;
http://localhost/antasline/proizvod/cart-stopper-ergomat/;product-sitemap.xml;200;;1;"Cart Stopper Ergomat";2;0;Place,PostalAddress,ImageObject,WebSite,BreadcrumbList,ListItem,ItemPage,Product,PropertyValue,FAQPage,Question,Answer;145;118;205;"Cart Stopper – blokator točkova kolica | AntasLine";"Ergomat Cart Stopper sprečava pomeranje kolica, paleta i opreme na točkićima — fizička barijera ispod točka, radi i na klizavim površinama.";253400;0.72;
http://localhost/antasline/proizvod/okrugli-povrsinski-odbojnik-ergomat/;product-sitemap.xml;200;;1;"Okrugli površinski odbojnik Ergomat";2;0;Place,PostalAddress,ImageObject,WebSite,BreadcrumbList,ListItem,ItemPage,Product,PropertyValue,FAQPage,Question,Answer;144;118;205;"Okrugli površinski odbojnik Ergomat | AntasLine";"Ergomat okrugli površinski odbojnik (RSDB120) — ravnomerna apsorpcija udarca na ravnim i kritičnim površinama sa učestalim kontaktima, brza montaža.";254675;0.74;
http://localhost/antasline/proizvod/zaobljeni-ivicni-odbojnik-ergomat/;product-sitemap.xml;200;;1;"Zaobljeni ivični odbojnik Ergomat";2;0;Place,PostalAddress,ImageObject,WebSite,BreadcrumbList,ListItem,ItemPage,Product,PropertyValue,FAQPage,Question,Answer;145;118;204;"Zaobljeni ivični odbojnik Ergomat | AntasLine";"Ergomat zaobljeni ivični odbojnik — zaštita ivičnih prelaza u proizvodnim prostorima: sprečava oštećenja ivica, povrede i jasno označava opasna mesta.";255731;0.71;
http://localhost/antasline/proizvod/veliki-pravougaoni-povrsinski-odbojnik-ergomat/;product-sitemap.xml;200;;1;"Veliki pravougaoni površinski odbojnik Ergomat";2;0;Place,PostalAddress,ImageObject,WebSite,BreadcrumbList,ListItem,ItemPage,Product,PropertyValue,FAQPage,Question,Answer;145;118;206;"Veliki pravougaoni površinski odbojnik | AntasLine";"Ergomat veliki pravougaoni odbojnik — masivna zaštita širih zona i velikih industrijskih površina, izdržljiv i pri udarima većih vozila i mašina.";256176;0.84;
http://localhost/antasline/proizvod/pravougaoni-povrsinski-odbojnik-ergomat/;product-sitemap.xml;200;;1;"Pravougaoni površinski odbojnik Ergomat";2;0;Place,PostalAddress,ImageObject,WebSite,BreadcrumbList,ListItem,ItemPage,Product,PropertyValue,FAQPage,Question,Answer;145;118;204;"Pravougaoni površinski odbojnik Ergomat | AntasLine";"Ergomat pravougaoni površinski odbojnik od PU pene — zaštita ravnih površina na zidovima, stolovima i konstrukcijama u halama sa čestim kontaktima.";256478;0.74;
http://localhost/antasline/proizvod/konusni-povrsinski-odbojnik-ergomat/;product-sitemap.xml;200;;1;"Konusni površinski odbojnik Ergomat";2;0;Place,PostalAddress,ImageObject,WebSite,BreadcrumbList,ListItem,ItemPage,Product,PropertyValue,FAQPage,Question,Answer;144;118;203;"Konusni površinski odbojnik Ergomat | AntasLine";"Ergomat konusni površinski odbojnik za ravne zidove i radne površine u zonama intenzivnog kretanja — apsorbuje udarce i štiti osetljivu opremu.";255562;0.71;
http://localhost/antasline/proizvod/ekstra-veliki-kvadratni-odbojnik-za-uglove-ergomat/;product-sitemap.xml;200;;1;"Ekstra veliki kvadratni odbojnik za uglove Ergomat";2;0;Place,PostalAddress,ImageObject,WebSite,BreadcrumbList,ListItem,ItemPage,Product,PropertyValue,FAQPage,Question,Answer;145;118;205;"Ekstra veliki kvadratni odbojnik za uglove | AntasLine";"Ergomat ekstra veliki kvadratni odbojnik — maksimalna zaštita isturenih ivica i konstrukcija, pena visokog kvaliteta, postavljanje lepljenjem bez alata.";255092;0.74;
http://localhost/antasline/proizvod/veliki-zaobljeni-odbojnik-za-uglove-ergomat/;product-sitemap.xml;200;;1;"Veliki zaobljeni odbojnik za uglove Ergomat";2;0;Place,PostalAddress,ImageObject,WebSite,BreadcrumbList,ListItem,ItemPage,Product,PropertyValue,FAQPage,Question,Answer;145;118;203;"Veliki zaobljeni odbojnik za uglove Ergomat | AntasLine";"Veliki zaobljeni Ergomat odbojnik za spoljne uglove — visokoodbojna pena sa samolepljivom podlogom, veći profil za frekventne zone i netipične uglove.";255478;0.89;
http://localhost/antasline/proizvod/veliki-kvadratni-odbojnik-za-uglove-ergomat/;product-sitemap.xml;200;;1;"Veliki kvadratni odbojnik za uglove Ergomat";2;0;Place,PostalAddress,ImageObject,WebSite,BreadcrumbList,ListItem,ItemPage,Product,PropertyValue,FAQPage,Question,Answer;145;118;206;"LSCB120 – veliki kvadratni odbojnik za uglove | AntasLine";"Ergomat LSCB120 veliki kvadratni odbojnik za spoljne uglove — profil ≈46×46 mm, segmenti 1,2 m, samolepljiva podloga, crno-žuta signalizacija.";257194;0.93;
http://localhost/antasline/proizvod/kvadratni-odbojnik-za-uglove-scbp120-ergomat/;product-sitemap.xml;200;;1;"Kvadratni odbojnik za uglove SCBP120 Ergomat";2;0;Place,PostalAddress,ImageObject,WebSite,BreadcrumbList,ListItem,ItemPage,Product,PropertyValue,FAQPage,Question,Answer;145;118;207;"SCBP120 – kvadratni odbojnik za uglove | AntasLine";"Ergomat SCBP120 kvadratni odbojnik 1,2 m za spoljne uglove — pena sa PU slojem otporna na habanje, hemikalije i vlagu; montaža bez alata.";256637;0.85;
http://localhost/antasline/proizvod/okrugli-odbojnik-za-uglove-ergomat/;product-sitemap.xml;200;;1;"Okrugli odbojnik za uglove Ergomat";2;0;Place,PostalAddress,ImageObject,WebSite,BreadcrumbList,ListItem,ItemPage,Product,PropertyValue,FAQPage,Question,Answer;145;118;209;"Okrugli odbojnik za uglove Ergomat | AntasLine";"Okrugli Ergomat odbojnik za spoljne uglove i zaobljene konstrukcije — visokoodbojna pena, montaža samolepljivom trakom ili mehanički, bez alata.";255464;0.77;
http://localhost/antasline/proizvod/konusni-odbojnik-za-spoljne-uglove-ccp120-ergomat/;product-sitemap.xml;200;;1;"Konusni odbojnik za spoljne uglove CCP120 Ergomat";2;0;Place,PostalAddress,ImageObject,WebSite,BreadcrumbList,ListItem,ItemPage,Product,PropertyValue,FAQPage,Question,Answer;145;118;206;"CCP120 – konusni odbojnik za spoljne uglove | AntasLine";"Ergomat CCP120 konusni odbojnik 1,2 m za spoljne uglove i oštre rubove — profil ~36×40 mm, samolepljiva ili magnetna montaža, crno-žuta signalizacija.";257011;0.9;
http://localhost/antasline/proizvod/odbojnik-za-ivice-i-uglove-ecb120-ergomat/;product-sitemap.xml;200;;1;"Odbojnik za ivice i uglove ECB120 Ergomat";2;0;Place,PostalAddress,ImageObject,WebSite,BreadcrumbList,ListItem,ItemPage,Product,PropertyValue,FAQPage,Question,Answer;142;118;208;"ECB120 – odbojnik za ivice i uglove | AntasLine";"Ergomat ECB120 odbojnik 1,2 m za spoljne ivice i uglove zidova i mašina — ekspandirana pena sa PU premazom, crno-žuti dizajn, bez emisije čestica (ISO 5).";252989;0.78;
http://localhost/antasline/proizvod/konusni-odbojnik-za-i-gredu-ccib120-ergomat/;product-sitemap.xml;200;;1;"Konusni odbojnik za I-gredu CCIB120 Ergomat";2;0;Place,PostalAddress,ImageObject,WebSite,BreadcrumbList,ListItem,ItemPage,Product,PropertyValue,FAQPage,Question,Answer;145;118;208;"CCIB120 – konusni odbojnik za I-grede | AntasLine";"Ergomat CCIB120 konusni odbojnik 1,2 m za I-grede, stubove i cevi — bolja pokrivenost uglova i zaobljenih profila, crno-žuta signalizacija, bez lepljenja.";257492;0.78;
http://localhost/antasline/proizvod/kvadratni-odbojnik-za-i-gredu-scib120/;product-sitemap.xml;200;;1;"Kvadratni odbojnik za I-gredu SCIB120";2;0;Place,PostalAddress,ImageObject,WebSite,BreadcrumbList,ListItem,ItemPage,Product,PropertyValue,FAQPage,Question,Answer;144;118;207;"SCIB120 – kvadratni odbojnik za I-grede | AntasLine";"Ergomat SCIB120 kvadratni odbojnik 1,2 m za I-grede i stubove — ekspandirana pena sa PU oblogom, crno-žuta vidljivost, montaža bez lepljenja i alata.";256979;0.85;
http://localhost/antasline/proizvod/polukruzni-odbojnik-za-i-grede-hcib120/;product-sitemap.xml;200;;1;"Polukružni odbojnik za I-grede HCIB120";2;0;Place,PostalAddress,ImageObject,WebSite,BreadcrumbList,ListItem,ItemPage,Product,PropertyValue,FAQPage,Question,Answer;145;118;208;"HCIB120 – polukružni odbojnik za I-grede | AntasLine";"Ergomat HCIB120 polukružni odbojnik 1,2 m za I-grede i cevi — ekspandirana pena, crno-žuta signalizacija, bez lepljenja. Pogodan za ISO Class 5 prostore.";257588;0.74;
http://localhost/antasline/proizvod/polukruzni-zastitnik-za-cevi/;product-sitemap.xml;200;;1;"Polukružni zaštitnik za cevi";2;0;Place,PostalAddress,ImageObject,WebSite,BreadcrumbList,ListItem,ItemPage,Product,PropertyValue,FAQPage,Question,Answer;145;118;212;"Polukružni zaštitnik za cevi i kablove | AntasLine";"Polukružni elastomerni zaštitnik za cevi, kablove i instalacije — apsorbuje udarce, montaža lepkom ili vijcima. Postoji i ESD verzija.";256313;0.79;
http://localhost/antasline/proizvod/konusni-stitnik-za-i-profil/;product-sitemap.xml;200;;1;"Konusni štitnik za I-profil";2;0;Place,PostalAddress,ImageObject,WebSite,BreadcrumbList,ListItem,ItemPage,Product,PropertyValue,FAQPage,Question,Answer;143;118;206;"Konusni štitnik za I-profil – zaštita greda | AntasLine";"Konusni samolepljivi štitnik za čelične I-profile i cevi — apsorbuje udarce viljuškara, štiti konstrukciju i radnike. Dostupna i magnetna verzija.";253468;0.85;
