klasa;putanja;http;novi_url;tezina;izvori
PUKAO;/404.html;404;;1;"ga4 cpc landing"
EKSTERNI-DOMEN;http://www.ekopodneploce.rs/;0;;0;"ads: oglas 261742252319 (Ecotile kampanja / Огласна група 1) | ads: oglas 268106630875 (Ecotile kampanja / Огласна група 1) | ads: oglas 272379061618 (Ecotile kampanja / Огласна група 1)"
EKSTERNI-DOMEN;http://www.ekopodneploce.rs/proizvodi/E%20500-7/E500-7.html;0;;0;"ads: asset 15728870523 [Industrijski podovi] (campaign) | ads: asset 15728870529 [Podovi za magacine] (campaign)"
PREPISATI;/home/industrijski-podovi/;301;/industrijski-podovi/;0;"ads: oglas 277447773110 (Ecotile - Antas line / Огласна група 1) | ads: oglas 277447773113 (Ecotile - Antas line / Огласна група 1) | ads: oglas 292432989048 (Antas line 2018 / Огласна група 1) | ads: oglas 277447773107 (Ecotile - Antas line / Огласна група 1) | ads: oglas 350265691880 (Ecotile - Antas line / Огласна група 1) | ads: oglas 630675839667 (Ecotile - Antas line / Огласна група 1) | ads: oglas 723693109893 (Ecotile - Antas line / Огласна група 1) | ads: oglas 630751941316 (Industrijski podovi-STARO / Ad group 1) | ads: asset 15728870538 [Industrijski podovi] (campaign)"
PREPISATI;/ergonomski-podovi/;404;/ergonomske-podloge-2/;0;"ads: asset 189889793084 [Ergonomski podovi] (campaign)"
PREPISATI;/home/industrijski-podovi/ecotile-5005-podne-ploce/;404;/industrijski-podovi/ecotile-5005-podne-ploce/;0;"ads: asset 15728870517 [Podovi za javne objekte] (campaign) | ads: asset 15728870535 [Antistatik i ESD podovi] (campaign)"
PREPISATI;/home/industrijski-podovi/ecotile-5007/;404;/industrijski-podovi/industrijski-pod/;0;"ads: asset 15728870499 [Podovi za hale i magacine] (campaign)"
PREPISATI;/industrijski-podovi/trakezaobelezavanje/;404;/industrijski-podovi/trake-za-obelezavanje/;0;"ads: asset 186876286419 [Obležavanje podova] (campaign)"
PREPISATI;/sportski-podovi/;301;/sportske-podloge/;0;"ads: oglas 336069755422 (Sportski podovi - Bergo flooring / Огласна група 1) | ads: oglas 350210266045 (Sportski podovi - Bergo flooring / Огласна група 1) | ads: asset 37023772578 [Tereni na otvorenom] (campaign) | ads: asset 37023772572 [Podloge za basket] (ad_group) | ads: asset 37023772578 [Tereni na otvorenom] (ad_group)"
OK;/spoljnje-podne-obloge/;200;;1423;"ads: oglas 811564687830 (Podloge za terase i bazene / Ad group 1) | ads: oglas 193483993138 (podovi za baste / bergo podloge za terase) | ads: oglas 262436062254 (podovi za baste / bergo podloge za terase) | ads: oglas 525919676060 (podovi za baste / bergo podloge za terase) | ads: asset 15814681949 [Podovi za baste i terase] (campaign) | ga4 cpc landing"
OK;/industrijski-podovi/;200;;575;"ads: oglas 811598156128 (ECOTILE INDUSTRIJSKI PODOVI / Ad group 1) | ads: oglas 725780179595 (Search INDUSTRIJSKI Podovi / Industrijski podovi grupa) | ads: asset 324277621262 [Podovi za magacine] (campaign) | ga4 cpc landing"
OK;/spoljnje-podne-obloge/bergo-xl/;200;;49;"ads: asset 368733643451 [Podovi za terase XL] (campaign) | ga4 cpc landing"
OK;/spoljnje-podne-obloge/bergo-unique/;200;;31;"ads: asset 368133951925 [Švedske podloge za terase] (campaign) | ads: asset 368733365855 [Zatražite ponudu] (campaign) | ads: asset 368900942313 [Podovi za terase Unique] (campaign) | ga4 cpc landing"
OK;/industrijski-podovi/industrijski-pod/;200;;19;"ads: asset 186876286413 [Podne ploce za magacine] (campaign) | ads: asset 189888950039 [Podovi za magacine] (campaign) | ads: asset 368758408094 [Podovi Za Magacine] (campaign) | ads: asset 383208984775 [Podovi za hale] (campaign) | ga4 cpc landing"
OK;/spoljnje-podne-obloge/podovi-za-bazene/;200;;15;"ads: asset 15814681946 [Podovi za bazene] (campaign) | ads: asset 368732954279 [Podloge oko bazena] (campaign) | ga4 cpc landing"
OK;/antistatik-i-elektroprovodljivi-podovi/;200;;13;"ads: asset 186876286410 [Antistatik podovi] (campaign) | ads: asset 189889503623 [Antistatik i ESD podovi] (campaign) | ads: asset 368851766347 [Antistatik podovi] (campaign) | ga4 cpc landing"
OK;/;200;;12;"ads: oglas 634245768924 (Sportski podovi - novembar / Ad group 1) | ga4 cpc landing"
OK;/spoljnje-podne-obloge/bergo-elite/;200;;9;"ga4 cpc landing"
OK;/spoljnje-podne-obloge/vestacka-trava-za-terase/;200;;6;"ga4 cpc landing"
OK;/kontakt/;200;;6;"ga4 cpc landing"
OK;/aktuelnosti/;200;;5;"ga4 cpc landing"
OK;/industrijski-podovi/ecotile-5005-podne-ploce/;200;;4;"ads: asset 186876286416 [Podovi za javne objekte] (campaign) | ga4 cpc landing"
OK;/industrijski-podovi/podne-ploce-ecotile-50010/;200;;4;"ads: asset 368928584355 [Pod za velika opterećenja] (campaign) | ga4 cpc landing"
OK;/spoljnje-podne-obloge/bergo-easy/;200;;3;"ga4 cpc landing"
OK;/proizvod/ecotile-e500-7-industrijska-interlocking-ploca-500x500-mm/;200;;3;"ga4 cpc landing"
OK;/industrijski-podovi/garaze-i-autoservisi/;200;;2;"ads: asset 189925343527 [Za garaže i autoservise] (campaign) | ga4 cpc landing"
OK;/sportske-podloge/;200;;2;"ga4 cpc landing"
OK;/lvt-podovi-za-komercijalne-i-javne-prostore/kancelarije-i-poslovni-prostori/;200;;1;"ads: oglas 630683069913 (expona click / Ad group 1) | ads: oglas 411592811924 (podovi za javne objekte / Огласна група бр. 1) | ga4 cpc landing"
OK;/podovi-za-radnje-i-maloprodajne-objekte/;200;;1;"ads: asset 324404563530 [Podovi za supermarkete] (campaign) | ga4 cpc landing"
OK;/category/industrijski-podovi/;200;;1;"ga4 cpc landing"
OK;/industrijski-podovi/podovi-za-maloprodajne-objekte/;200;;1;"ga4 cpc landing"
OK;/koji-pod-postaviti-u-garazu/;200;;1;"ga4 cpc landing"
OK;/o-nama/;200;;1;"ga4 cpc landing"
OK;/podovi-za-radionice/;200;;1;"ga4 cpc landing"
OK;/podovi-za-stale/;200;;1;"ga4 cpc landing"
OK;/prednosti-r-tile-design-podova-u-supermarketima-u-odnosu-na-klasicne-plocice/;200;;1;"ga4 cpc landing"
OK;/vestacka-trava/;200;;1;"ga4 cpc landing"
OK;/zasto-vam-je-potreban-esd-pod/;200;;1;"ga4 cpc landing"
OK;/industrijski-podovi/bumperi-zastita-za-police-regale-i-zidove/;200;;0;"ads: asset 383281141908 [Bumperi za regale] (campaign)"
OK;/industrijski-podovi/trake-za-obelezavanje/;200;;0;"ads: asset 324277948880 [Obeležavanje podova] (campaign) | ads: asset 368929775544 [Obeležavanje podova] (campaign)"
OK;/sportski-podovi-za-sale-i-balone/;200;;0;"ads: asset 37023772575 [Sportske podloge za sale] (campaign) | ads: asset 37023772575 [Sportske podloge za sale] (ad_group)"
